This file contains any messages produced by compilers while
running configure, to aid debugging if configure makes a mistake.

It was created by configure, which was
generated by GNU Autoconf 2.71.  Invocation command line was

  $ /home/runner/work/govm/govm/boxlite-src/boxlite/deps/e2fsprogs-sys/vendor/e2fsprogs/configure --disable-nls --disable-threads --disable-tdb --disable-imager --disable-resizer --disable-defrag --disable-fsck --disable-e2initrd-helper

## --------- ##
## Platform. ##
## --------- ##

hostname = runnervm46oaq
uname -m = x86_64
uname -r = 6.14.0-1017-azure
uname -s = Linux
uname -v = #17~24.04.1-Ubuntu SMP Mon Dec  1 20:10:50 UTC 2025

/usr/bin/uname -p = x86_64
/bin/uname -X     = unknown

/bin/arch              = x86_64
/usr/bin/arch -k       = unknown
/usr/convex/getsysinfo = unknown
/usr/bin/hostinfo      = unknown
/bin/machine           = unknown
/usr/bin/oslevel       = unknown
/bin/universe          = unknown

PATH: /home/runner/.cargo/bin/
PATH: /home/runner/go/bin/
PATH: /opt/hostedtoolcache/go/1.24.13/x64/bin/
PATH: /snap/bin/
PATH: /home/runner/.local/bin/
PATH: /opt/pipx_bin/
PATH: /home/runner/.cargo/bin/
PATH: /home/runner/.config/composer/vendor/bin/
PATH: /usr/local/.ghcup/bin/
PATH: /home/runner/.dotnet/tools/
PATH: /usr/local/sbin/
PATH: /usr/local/bin/
PATH: /usr/sbin/
PATH: /usr/bin/
PATH: /sbin/
PATH: /bin/
PATH: /usr/games/
PATH: /usr/local/games/
PATH: /snap/bin/


## ----------- ##
## Core tests. ##
## ----------- ##

configure:3273: looking for aux files: config.rpath install-sh config.guess config.sub
configure:3286:  trying /home/runner/work/govm/govm/boxlite-src/boxlite/deps/e2fsprogs-sys/vendor/e2fsprogs/config/
configure:3315:   /home/runner/work/govm/govm/boxlite-src/boxlite/deps/e2fsprogs-sys/vendor/e2fsprogs/config/config.rpath found
configure:3297:   /home/runner/work/govm/govm/boxlite-src/boxlite/deps/e2fsprogs-sys/vendor/e2fsprogs/config/install-sh found
configure:3315:   /home/runner/work/govm/govm/boxlite-src/boxlite/deps/e2fsprogs-sys/vendor/e2fsprogs/config/config.guess found
configure:3315:   /home/runner/work/govm/govm/boxlite-src/boxlite/deps/e2fsprogs-sys/vendor/e2fsprogs/config/config.sub found
configure:3494: checking for gcc
configure:3515: found /usr/bin/gcc
configure:3526: result: gcc
configure:3879: checking for C compiler version
configure:3888: gcc --version >&5
gcc (Ubuntu 13.3.0-6ubuntu2~24.04.1) 13.3.0
Copyright (C) 2023 Free Software Foundation, Inc.
This is free software; see the source for copying conditions.  There is NO
warranty; not even for MERCHANTABILITY or FITNESS FOR A PARTICULAR PURPOSE.

configure:3899: $? = 0
configure:3888: gcc -v >&5
Using built-in specs.
COLLECT_GCC=gcc
COLLECT_LTO_WRAPPER=/usr/libexec/gcc/x86_64-linux-gnu/13/lto-wrapper
OFFLOAD_TARGET_NAMES=nvptx-none:amdgcn-amdhsa
OFFLOAD_TARGET_DEFAULT=1
Target: x86_64-linux-gnu
Configured with: ../src/configure -v --with-pkgversion='Ubuntu 13.3.0-6ubuntu2~24.04.1' --with-bugurl=file:///usr/share/doc/gcc-13/README.Bugs --enable-languages=c,ada,c++,go,d,fortran,objc,obj-c++,m2 --prefix=/usr --with-gcc-major-version-only --program-suffix=-13 --program-prefix=x86_64-linux-gnu- --enable-shared --enable-linker-build-id --libexecdir=/usr/libexec --without-included-gettext --enable-threads=posix --libdir=/usr/lib --enable-nls --enable-bootstrap --enable-clocale=gnu --enable-libstdcxx-debug --enable-libstdcxx-time=yes --with-default-libstdcxx-abi=new --enable-libstdcxx-backtrace --enable-gnu-unique-object --disable-vtable-verify --enable-plugin --enable-default-pie --with-system-zlib --enable-libphobos-checking=release --with-target-system-zlib=auto --enable-objc-gc=auto --enable-multiarch --disable-werror --enable-cet --with-arch-32=i686 --with-abi=m64 --with-multilib-list=m32,m64,mx32 --enable-multilib --with-tune=generic --enable-offload-targets=nvptx-none=/build/gcc-13-EldibY/gcc-13-13.3.0/debian/tmp-nvptx/usr,amdgcn-amdhsa=/build/gcc-13-EldibY/gcc-13-13.3.0/debian/tmp-gcn/usr --enable-offload-defaulted --without-cuda-driver --enable-checking=release --build=x86_64-linux-gnu --host=x86_64-linux-gnu --target=x86_64-linux-gnu --with-build-config=bootstrap-lto-lean --enable-link-serialization=2
Thread model: posix
Supported LTO compression algorithms: zlib zstd
gcc version 13.3.0 (Ubuntu 13.3.0-6ubuntu2~24.04.1) 
... rest of stderr output deleted ...
configure:3899: $? = 0
configure:3888: gcc -V >&5
gcc: error: unrecognized command-line option '-V'
gcc: fatal error: no input files
compilation terminated.
configure:3899: $? = 1
configure:3888: gcc -qversion >&5
gcc: error: unrecognized command-line option '-qversion'; did you mean '--version'?
gcc: fatal error: no input files
compilation terminated.
configure:3899: $? = 1
configure:3888: gcc -version >&5
gcc: error: unrecognized command-line option '-version'
gcc: fatal error: no input files
compilation terminated.
configure:3899: $? = 1
configure:3919: checking whether the C compiler works
configure:3941: gcc    conftest.c  >&5
configure:3945: $? = 0
configure:3995: result: yes
configure:3998: checking for C compiler default output file name
configure:4000: result: a.out
configure:4006: checking for suffix of executables
configure:4013: gcc -o conftest    conftest.c  >&5
configure:4017: $? = 0
configure:4040: result: 
configure:4062: checking whether we are cross compiling
configure:4070: gcc -o conftest    conftest.c  >&5
configure:4074: $? = 0
configure:4081: ./conftest
configure:4085: $? = 0
configure:4100: result: no
configure:4105: checking for suffix of object files
configure:4128: gcc -c   conftest.c >&5
configure:4132: $? = 0
configure:4154: result: o
configure:4158: checking whether the compiler supports GNU C
configure:4178: gcc -c   conftest.c >&5
configure:4178: $? = 0
configure:4188: result: yes
configure:4199: checking whether gcc accepts -g
configure:4220: gcc -c -g  conftest.c >&5
configure:4220: $? = 0
configure:4264: result: yes
configure:4284: checking for gcc option to enable C11 features
configure:4299: gcc  -c -g -O2  conftest.c >&5
configure:4299: $? = 0
configure:4317: result: none needed
configure:4432: checking for stdio.h
configure:4432: gcc -c -g -O2  conftest.c >&5
configure:4432: $? = 0
configure:4432: result: yes
configure:4432: checking for stdlib.h
configure:4432: gcc -c -g -O2  conftest.c >&5
configure:4432: $? = 0
configure:4432: result: yes
configure:4432: checking for string.h
configure:4432: gcc -c -g -O2  conftest.c >&5
configure:4432: $? = 0
configure:4432: result: yes
configure:4432: checking for inttypes.h
configure:4432: gcc -c -g -O2  conftest.c >&5
configure:4432: $? = 0
configure:4432: result: yes
configure:4432: checking for stdint.h
configure:4432: gcc -c -g -O2  conftest.c >&5
configure:4432: $? = 0
configure:4432: result: yes
configure:4432: checking for strings.h
configure:4432: gcc -c -g -O2  conftest.c >&5
configure:4432: $? = 0
configure:4432: result: yes
configure:4432: checking for sys/stat.h
configure:4432: gcc -c -g -O2  conftest.c >&5
configure:4432: $? = 0
configure:4432: result: yes
configure:4432: checking for sys/types.h
configure:4432: gcc -c -g -O2  conftest.c >&5
configure:4432: $? = 0
configure:4432: result: yes
configure:4432: checking for unistd.h
configure:4432: gcc -c -g -O2  conftest.c >&5
configure:4432: $? = 0
configure:4432: result: yes
configure:4432: checking for wchar.h
configure:4432: gcc -c -g -O2  conftest.c >&5
configure:4432: $? = 0
configure:4432: result: yes
configure:4432: checking for minix/config.h
configure:4432: gcc -c -g -O2  conftest.c >&5
conftest.c:47:10: fatal error: minix/config.h: No such file or directory
   47 | #include <minix/config.h>
      |          ^~~~~~~~~~~~~~~~
compilation terminated.
configure:4432: $? = 1
configure: failed program was:
| /* confdefs.h */
| #define PACKAGE_NAME ""
| #define PACKAGE_TARNAME ""
| #define PACKAGE_VERSION ""
| #define PACKAGE_STRING ""
| #define PACKAGE_BUGREPORT ""
| #define PACKAGE_URL ""
| #define HAVE_STDIO_H 1
| #define HAVE_STDLIB_H 1
| #define HAVE_STRING_H 1
| #define HAVE_INTTYPES_H 1
| #define HAVE_STDINT_H 1
| #define HAVE_STRINGS_H 1
| #define HAVE_SYS_STAT_H 1
| #define HAVE_SYS_TYPES_H 1
| #define HAVE_UNISTD_H 1
| #define HAVE_WCHAR_H 1
| /* end confdefs.h.  */
| #include <stddef.h>
| #ifdef HAVE_STDIO_H
| # include <stdio.h>
| #endif
| #ifdef HAVE_STDLIB_H
| # include <stdlib.h>
| #endif
| #ifdef HAVE_STRING_H
| # include <string.h>
| #endif
| #ifdef HAVE_INTTYPES_H
| # include <inttypes.h>
| #endif
| #ifdef HAVE_STDINT_H
| # include <stdint.h>
| #endif
| #ifdef HAVE_STRINGS_H
| # include <strings.h>
| #endif
| #ifdef HAVE_SYS_TYPES_H
| # include <sys/types.h>
| #endif
| #ifdef HAVE_SYS_STAT_H
| # include <sys/stat.h>
| #endif
| #ifdef HAVE_UNISTD_H
| # include <unistd.h>
| #endif
| #include <minix/config.h>
configure:4432: result: no
configure:4463: checking whether it is safe to define __EXTENSIONS__
configure:4482: gcc -c -g -O2  conftest.c >&5
configure:4482: $? = 0
configure:4490: result: yes
configure:4493: checking whether _XOPEN_SOURCE should be defined
configure:4515: gcc -c -g -O2  conftest.c >&5
configure:4515: $? = 0
configure:4542: result: no
configure:4649: result: Generating configuration file for e2fsprogs version 1.47.3
configure:4651: result: Package version 1.47.3 release 
configure:4653: result: Release date is July, 2025
configure:4685: checking build system type
configure:4700: result: x86_64-pc-linux-gnu
configure:4720: checking host system type
configure:4734: result: x86_64-pc-linux-gnu
configure:4755: checking for dlopen in -ldl
configure:4778: gcc -o conftest -g -O2   conftest.c -ldl   >&5
configure:4778: $? = 0
configure:4788: result: yes
configure:4870: checking for gcc
configure:4902: result: gcc
configure:5255: checking for C compiler version
configure:5264: gcc --version >&5
gcc (Ubuntu 13.3.0-6ubuntu2~24.04.1) 13.3.0
Copyright (C) 2023 Free Software Foundation, Inc.
This is free software; see the source for copying conditions.  There is NO
warranty; not even for MERCHANTABILITY or FITNESS FOR A PARTICULAR PURPOSE.

configure:5275: $? = 0
configure:5264: gcc -v >&5
Using built-in specs.
COLLECT_GCC=gcc
COLLECT_LTO_WRAPPER=/usr/libexec/gcc/x86_64-linux-gnu/13/lto-wrapper
OFFLOAD_TARGET_NAMES=nvptx-none:amdgcn-amdhsa
OFFLOAD_TARGET_DEFAULT=1
Target: x86_64-linux-gnu
Configured with: ../src/configure -v --with-pkgversion='Ubuntu 13.3.0-6ubuntu2~24.04.1' --with-bugurl=file:///usr/share/doc/gcc-13/README.Bugs --enable-languages=c,ada,c++,go,d,fortran,objc,obj-c++,m2 --prefix=/usr --with-gcc-major-version-only --program-suffix=-13 --program-prefix=x86_64-linux-gnu- --enable-shared --enable-linker-build-id --libexecdir=/usr/libexec --without-included-gettext --enable-threads=posix --libdir=/usr/lib --enable-nls --enable-bootstrap --enable-clocale=gnu --enable-libstdcxx-debug --enable-libstdcxx-time=yes --with-default-libstdcxx-abi=new --enable-libstdcxx-backtrace --enable-gnu-unique-object --disable-vtable-verify --enable-plugin --enable-default-pie --with-system-zlib --enable-libphobos-checking=release --with-target-system-zlib=auto --enable-objc-gc=auto --enable-multiarch --disable-werror --enable-cet --with-arch-32=i686 --with-abi=m64 --with-multilib-list=m32,m64,mx32 --enable-multilib --with-tune=generic --enable-offload-targets=nvptx-none=/build/gcc-13-EldibY/gcc-13-13.3.0/debian/tmp-nvptx/usr,amdgcn-amdhsa=/build/gcc-13-EldibY/gcc-13-13.3.0/debian/tmp-gcn/usr --enable-offload-defaulted --without-cuda-driver --enable-checking=release --build=x86_64-linux-gnu --host=x86_64-linux-gnu --target=x86_64-linux-gnu --with-build-config=bootstrap-lto-lean --enable-link-serialization=2
Thread model: posix
Supported LTO compression algorithms: zlib zstd
gcc version 13.3.0 (Ubuntu 13.3.0-6ubuntu2~24.04.1) 
... rest of stderr output deleted ...
configure:5275: $? = 0
configure:5264: gcc -V >&5
gcc: error: unrecognized command-line option '-V'
gcc: fatal error: no input files
compilation terminated.
configure:5275: $? = 1
configure:5264: gcc -qversion >&5
gcc: error: unrecognized command-line option '-qversion'; did you mean '--version'?
gcc: fatal error: no input files
compilation terminated.
configure:5275: $? = 1
configure:5264: gcc -version >&5
gcc: error: unrecognized command-line option '-version'
gcc: fatal error: no input files
compilation terminated.
configure:5275: $? = 1
configure:5279: checking whether the compiler supports GNU C
configure:5309: result: yes
configure:5320: checking whether gcc accepts -g
configure:5385: result: yes
configure:5405: checking for gcc option to enable C11 features
configure:5438: result: none needed
configure:5557: checking how to run the C preprocessor
configure:5583: gcc -E  conftest.c
configure:5583: $? = 0
configure:5598: gcc -E  conftest.c
conftest.c:36:10: fatal error: ac_nonexistent.h: No such file or directory
   36 | #include <ac_nonexistent.h>
      |          ^~~~~~~~~~~~~~~~~~
compilation terminated.
configure:5598: $? = 1
configure: failed program was:
| /* confdefs.h */
| #define PACKAGE_NAME ""
| #define PACKAGE_TARNAME ""
| #define PACKAGE_VERSION ""
| #define PACKAGE_STRING ""
| #define PACKAGE_BUGREPORT ""
| #define PACKAGE_URL ""
| #define HAVE_STDIO_H 1
| #define HAVE_STDLIB_H 1
| #define HAVE_STRING_H 1
| #define HAVE_INTTYPES_H 1
| #define HAVE_STDINT_H 1
| #define HAVE_STRINGS_H 1
| #define HAVE_SYS_STAT_H 1
| #define HAVE_SYS_TYPES_H 1
| #define HAVE_UNISTD_H 1
| #define HAVE_WCHAR_H 1
| #define STDC_HEADERS 1
| #define _ALL_SOURCE 1
| #define _DARWIN_C_SOURCE 1
| #define _GNU_SOURCE 1
| #define _HPUX_ALT_XOPEN_SOCKET_API 1
| #define _NETBSD_SOURCE 1
| #define _OPENBSD_SOURCE 1
| #define _POSIX_PTHREAD_SEMANTICS 1
| #define __STDC_WANT_IEC_60559_ATTRIBS_EXT__ 1
| #define __STDC_WANT_IEC_60559_BFP_EXT__ 1
| #define __STDC_WANT_IEC_60559_DFP_EXT__ 1
| #define __STDC_WANT_IEC_60559_FUNCS_EXT__ 1
| #define __STDC_WANT_IEC_60559_TYPES_EXT__ 1
| #define __STDC_WANT_LIB_EXT2__ 1
| #define __STDC_WANT_MATH_SPEC_FUNCS__ 1
| #define _TANDEM_SOURCE 1
| #define __EXTENSIONS__ 1
| /* end confdefs.h.  */
| #include <ac_nonexistent.h>
configure:5625: result: gcc -E
configure:5639: gcc -E  conftest.c
configure:5639: $? = 0
configure:5654: gcc -E  conftest.c
conftest.c:36:10: fatal error: ac_nonexistent.h: No such file or directory
   36 | #include <ac_nonexistent.h>
      |          ^~~~~~~~~~~~~~~~~~
compilation terminated.
configure:5654: $? = 1
configure: failed program was:
| /* confdefs.h */
| #define PACKAGE_NAME ""
| #define PACKAGE_TARNAME ""
| #define PACKAGE_VERSION ""
| #define PACKAGE_STRING ""
| #define PACKAGE_BUGREPORT ""
| #define PACKAGE_URL ""
| #define HAVE_STDIO_H 1
| #define HAVE_STDLIB_H 1
| #define HAVE_STRING_H 1
| #define HAVE_INTTYPES_H 1
| #define HAVE_STDINT_H 1
| #define HAVE_STRINGS_H 1
| #define HAVE_SYS_STAT_H 1
| #define HAVE_SYS_TYPES_H 1
| #define HAVE_UNISTD_H 1
| #define HAVE_WCHAR_H 1
| #define STDC_HEADERS 1
| #define _ALL_SOURCE 1
| #define _DARWIN_C_SOURCE 1
| #define _GNU_SOURCE 1
| #define _HPUX_ALT_XOPEN_SOCKET_API 1
| #define _NETBSD_SOURCE 1
| #define _OPENBSD_SOURCE 1
| #define _POSIX_PTHREAD_SEMANTICS 1
| #define __STDC_WANT_IEC_60559_ATTRIBS_EXT__ 1
| #define __STDC_WANT_IEC_60559_BFP_EXT__ 1
| #define __STDC_WANT_IEC_60559_DFP_EXT__ 1
| #define __STDC_WANT_IEC_60559_FUNCS_EXT__ 1
| #define __STDC_WANT_IEC_60559_TYPES_EXT__ 1
| #define __STDC_WANT_LIB_EXT2__ 1
| #define __STDC_WANT_MATH_SPEC_FUNCS__ 1
| #define _TANDEM_SOURCE 1
| #define __EXTENSIONS__ 1
| /* end confdefs.h.  */
| #include <ac_nonexistent.h>
configure:5684: checking for additional special compiler flags
configure:5698: result: (none)
configure:5728: result: Disabling maintainer mode by default
configure:5750: result: Disabling symlinks for install by default
configure:5792: result: Disabling relative symlinks for install by default
configure:5815: result: Disabling symlinks for build by default
configure:5840: result: Disabling verbose make commands
configure:5883: result: Disabling ELF shared libraries by default
configure:5917: result: Disabling BSD shared libraries by default
configure:5944: result: Disabling profiling libraries by default
configure:6008: result: Disabling journal debugging by default
configure:6029: result: Disabling blkid debugging by default
configure:6052: result: Enabling testio debugging by default
configure:6079: result: Disabling ext4 developer features by default
configure:6145: checking for pkg-config
configure:6168: found /usr/bin/pkg-config
configure:6180: result: /usr/bin/pkg-config
configure:6205: checking pkg-config is at least version 0.9.0
configure:6208: result: yes
configure:6292: checking for uuid_generate in -luuid
configure:6315: gcc -o conftest -g -O2   conftest.c -luuid   >&5
/usr/bin/ld: cannot find -luuid: No such file or directory
collect2: error: ld returned 1 exit status
configure:6315: $? = 1
configure: failed program was:
| /* confdefs.h */
| #define PACKAGE_NAME ""
| #define PACKAGE_TARNAME ""
| #define PACKAGE_VERSION ""
| #define PACKAGE_STRING ""
| #define PACKAGE_BUGREPORT ""
| #define PACKAGE_URL ""
| #define HAVE_STDIO_H 1
| #define HAVE_STDLIB_H 1
| #define HAVE_STRING_H 1
| #define HAVE_INTTYPES_H 1
| #define HAVE_STDINT_H 1
| #define HAVE_STRINGS_H 1
| #define HAVE_SYS_STAT_H 1
| #define HAVE_SYS_TYPES_H 1
| #define HAVE_UNISTD_H 1
| #define HAVE_WCHAR_H 1
| #define STDC_HEADERS 1
| #define _ALL_SOURCE 1
| #define _DARWIN_C_SOURCE 1
| #define _GNU_SOURCE 1
| #define _HPUX_ALT_XOPEN_SOCKET_API 1
| #define _NETBSD_SOURCE 1
| #define _OPENBSD_SOURCE 1
| #define _POSIX_PTHREAD_SEMANTICS 1
| #define __STDC_WANT_IEC_60559_ATTRIBS_EXT__ 1
| #define __STDC_WANT_IEC_60559_BFP_EXT__ 1
| #define __STDC_WANT_IEC_60559_DFP_EXT__ 1
| #define __STDC_WANT_IEC_60559_FUNCS_EXT__ 1
| #define __STDC_WANT_IEC_60559_TYPES_EXT__ 1
| #define __STDC_WANT_LIB_EXT2__ 1
| #define __STDC_WANT_MATH_SPEC_FUNCS__ 1
| #define _TANDEM_SOURCE 1
| #define __EXTENSIONS__ 1
| #define CONFIG_TESTIO_DEBUG 1
| /* end confdefs.h.  */
| 
| /* Override any GCC internal prototype to avoid an error.
|    Use char because int might match the return type of a GCC
|    builtin and then its argument prototype would still apply.  */
| char uuid_generate ();
| int
| main (void)
| {
| return uuid_generate ();
|   ;
|   return 0;
| }
configure:6325: result: no
configure:6346: result: Enabling private uuid library by default
configure:6418: checking for pkg-config
configure:6453: result: /usr/bin/pkg-config
configure:6478: checking pkg-config is at least version 0.9.0
configure:6481: result: yes
configure:6568: checking for blkid_get_cache in -lblkid
configure:6591: gcc -o conftest -g -O2   conftest.c -lblkid   >&5
/usr/bin/ld: cannot find -lblkid: No such file or directory
collect2: error: ld returned 1 exit status
configure:6591: $? = 1
configure: failed program was:
| /* confdefs.h */
| #define PACKAGE_NAME ""
| #define PACKAGE_TARNAME ""
| #define PACKAGE_VERSION ""
| #define PACKAGE_STRING ""
| #define PACKAGE_BUGREPORT ""
| #define PACKAGE_URL ""
| #define HAVE_STDIO_H 1
| #define HAVE_STDLIB_H 1
| #define HAVE_STRING_H 1
| #define HAVE_INTTYPES_H 1
| #define HAVE_STDINT_H 1
| #define HAVE_STRINGS_H 1
| #define HAVE_SYS_STAT_H 1
| #define HAVE_SYS_TYPES_H 1
| #define HAVE_UNISTD_H 1
| #define HAVE_WCHAR_H 1
| #define STDC_HEADERS 1
| #define _ALL_SOURCE 1
| #define _DARWIN_C_SOURCE 1
| #define _GNU_SOURCE 1
| #define _HPUX_ALT_XOPEN_SOCKET_API 1
| #define _NETBSD_SOURCE 1
| #define _OPENBSD_SOURCE 1
| #define _POSIX_PTHREAD_SEMANTICS 1
| #define __STDC_WANT_IEC_60559_ATTRIBS_EXT__ 1
| #define __STDC_WANT_IEC_60559_BFP_EXT__ 1
| #define __STDC_WANT_IEC_60559_DFP_EXT__ 1
| #define __STDC_WANT_IEC_60559_FUNCS_EXT__ 1
| #define __STDC_WANT_IEC_60559_TYPES_EXT__ 1
| #define __STDC_WANT_LIB_EXT2__ 1
| #define __STDC_WANT_MATH_SPEC_FUNCS__ 1
| #define _TANDEM_SOURCE 1
| #define __EXTENSIONS__ 1
| #define CONFIG_TESTIO_DEBUG 1
| /* end confdefs.h.  */
| 
| /* Override any GCC internal prototype to avoid an error.
|    Use char because int might match the return type of a GCC
|    builtin and then its argument prototype would still apply.  */
| char blkid_get_cache ();
| int
| main (void)
| {
| return blkid_get_cache ();
|   ;
|   return 0;
| }
configure:6601: result: no
configure:6624: result: Enabling private blkid library by default
configure:6673: result: Enabling use of backtrace by default
configure:6693: result: Enabling debugfs support by default
configure:6705: result: Disabling e2image support
configure:6727: result: Disabling e2resize support
configure:6749: result: Disabling e4defrag support
configure:6779: result: Not building fsck wrapper
configure:6810: result: Not building e2initrd helper
configure:6849: result: Try using thread local support by default
configure:6858: checking for thread local storage (TLS) class
configure:6886: gcc -c -g -O2  conftest.c >&5
configure:6886: $? = 0
configure:6905: result: __thread
configure:6926: result: Try testing for pthread support by default
configure:6933: checking for a sed that does not truncate output
configure:7003: result: /usr/bin/sed
configure:7009: checking for grep that handles long lines and -e
configure:7073: result: /usr/bin/grep
configure:7078: checking for egrep
configure:7146: result: /usr/bin/grep -E
configure:7311: checking whether gcc is Clang
configure:7338: result: no
configure:7403: checking whether pthreads work with "-pthread" and "-lpthread"
configure:7514: gcc -o conftest -g -O2 -pthread   conftest.c -lpthread  >&5
configure:7514: $? = 0
configure:7524: result: yes
configure:7647: checking for joinable pthread attribute
configure:7666: gcc -o conftest -g -O2 -pthread   conftest.c -lpthread  >&5
configure:7666: $? = 0
configure:7675: result: PTHREAD_CREATE_JOINABLE
configure:7688: checking whether more special flags are required for pthreads
configure:7702: result: no
configure:7711: checking for PTHREAD_PRIO_INHERIT
configure:7729: gcc -o conftest -g -O2 -pthread   conftest.c -lpthread  >&5
configure:7729: $? = 0
configure:7739: result: yes
configure:7941: result: Building uuidd by default
configure:7968: result: Enabling mmp support by default
configure:7982: result: Disabling tdb support
configure:8038: result: Enabling bitmap statistics support by default
configure:8069: result: Disabling additional bitmap statistics by default
configure:8090: checking whether make sets $(MAKE)
configure:8113: result: yes
configure:8137: checking for a BSD-compatible install
configure:8210: result: /usr/bin/install -c
configure:8222: checking for a race-free mkdir -p
configure:8266: result: /usr/bin/mkdir -p
configure:8270: checking whether NLS is requested
configure:8280: result: no
configure:8320: checking for msgfmt
configure:8356: result: no
configure:8362: checking for gmsgfmt
configure:8398: result: :
configure:8443: checking for xgettext
configure:8479: result: no
configure:8521: checking for msgmerge
configure:8556: result: no
configure:8621: checking for ld used by gcc
configure:8749: result: /usr/bin/ld
configure:8756: checking if the linker (/usr/bin/ld) is GNU ld
configure:8772: result: yes
configure:8781: checking for shared library run path origin
configure:8795: result: done
configure:8817: checking 32-bit host C ABI
configure:8884: gcc -c -g -O2  conftest.c >&5
configure:8884: $? = 0
configure:9080: result: no
configure:9089: checking for ELF binary format
configure:9113: result: yes
configure:9162: checking for the common suffixes of directories in the library search path
configure:9231: result: lib,lib,lib64
configure:9749: checking for CFPreferencesCopyAppValue
configure:9768: gcc -o conftest -g -O2   conftest.c  -Wl,-framework -Wl,CoreFoundation >&5
conftest.c:46:10: fatal error: CoreFoundation/CFPreferences.h: No such file or directory
   46 | #include <CoreFoundation/CFPreferences.h>
      |          ^~~~~~~~~~~~~~~~~~~~~~~~~~~~~~~~
compilation terminated.
configure:9768: $? = 1
configure: failed program was:
| /* confdefs.h */
| #define PACKAGE_NAME ""
| #define PACKAGE_TARNAME ""
| #define PACKAGE_VERSION ""
| #define PACKAGE_STRING ""
| #define PACKAGE_BUGREPORT ""
| #define PACKAGE_URL ""
| #define HAVE_STDIO_H 1
| #define HAVE_STDLIB_H 1
| #define HAVE_STRING_H 1
| #define HAVE_INTTYPES_H 1
| #define HAVE_STDINT_H 1
| #define HAVE_STRINGS_H 1
| #define HAVE_SYS_STAT_H 1
| #define HAVE_SYS_TYPES_H 1
| #define HAVE_UNISTD_H 1
| #define HAVE_WCHAR_H 1
| #define STDC_HEADERS 1
| #define _ALL_SOURCE 1
| #define _DARWIN_C_SOURCE 1
| #define _GNU_SOURCE 1
| #define _HPUX_ALT_XOPEN_SOCKET_API 1
| #define _NETBSD_SOURCE 1
| #define _OPENBSD_SOURCE 1
| #define _POSIX_PTHREAD_SEMANTICS 1
| #define __STDC_WANT_IEC_60559_ATTRIBS_EXT__ 1
| #define __STDC_WANT_IEC_60559_BFP_EXT__ 1
| #define __STDC_WANT_IEC_60559_DFP_EXT__ 1
| #define __STDC_WANT_IEC_60559_FUNCS_EXT__ 1
| #define __STDC_WANT_IEC_60559_TYPES_EXT__ 1
| #define __STDC_WANT_LIB_EXT2__ 1
| #define __STDC_WANT_MATH_SPEC_FUNCS__ 1
| #define _TANDEM_SOURCE 1
| #define __EXTENSIONS__ 1
| #define CONFIG_TESTIO_DEBUG 1
| #define CONFIG_BUILD_FINDFS 1
| #define TLS __thread
| #define HAVE_PTHREAD_PRIO_INHERIT 1
| #define HAVE_PTHREAD 1
| #define USE_UUIDD 1
| #define CONFIG_MMP 1
| #define ENABLE_BMAP_STATS 1
| #define PACKAGE "e2fsprogs"
| #define VERSION "0.14.1"
| /* end confdefs.h.  */
| #include <CoreFoundation/CFPreferences.h>
| int
| main (void)
| {
| CFPreferencesCopyAppValue(NULL, NULL)
|   ;
|   return 0;
| }
configure:9778: result: no
configure:9785: checking for CFLocaleCopyPreferredLanguages
configure:9804: gcc -o conftest -g -O2   conftest.c  -Wl,-framework -Wl,CoreFoundation >&5
conftest.c:46:10: fatal error: CoreFoundation/CFLocale.h: No such file or directory
   46 | #include <CoreFoundation/CFLocale.h>
      |          ^~~~~~~~~~~~~~~~~~~~~~~~~~~
compilation terminated.
configure:9804: $? = 1
configure: failed program was:
| /* confdefs.h */
| #define PACKAGE_NAME ""
| #define PACKAGE_TARNAME ""
| #define PACKAGE_VERSION ""
| #define PACKAGE_STRING ""
| #define PACKAGE_BUGREPORT ""
| #define PACKAGE_URL ""
| #define HAVE_STDIO_H 1
| #define HAVE_STDLIB_H 1
| #define HAVE_STRING_H 1
| #define HAVE_INTTYPES_H 1
| #define HAVE_STDINT_H 1
| #define HAVE_STRINGS_H 1
| #define HAVE_SYS_STAT_H 1
| #define HAVE_SYS_TYPES_H 1
| #define HAVE_UNISTD_H 1
| #define HAVE_WCHAR_H 1
| #define STDC_HEADERS 1
| #define _ALL_SOURCE 1
| #define _DARWIN_C_SOURCE 1
| #define _GNU_SOURCE 1
| #define _HPUX_ALT_XOPEN_SOCKET_API 1
| #define _NETBSD_SOURCE 1
| #define _OPENBSD_SOURCE 1
| #define _POSIX_PTHREAD_SEMANTICS 1
| #define __STDC_WANT_IEC_60559_ATTRIBS_EXT__ 1
| #define __STDC_WANT_IEC_60559_BFP_EXT__ 1
| #define __STDC_WANT_IEC_60559_DFP_EXT__ 1
| #define __STDC_WANT_IEC_60559_FUNCS_EXT__ 1
| #define __STDC_WANT_IEC_60559_TYPES_EXT__ 1
| #define __STDC_WANT_LIB_EXT2__ 1
| #define __STDC_WANT_MATH_SPEC_FUNCS__ 1
| #define _TANDEM_SOURCE 1
| #define __EXTENSIONS__ 1
| #define CONFIG_TESTIO_DEBUG 1
| #define CONFIG_BUILD_FINDFS 1
| #define TLS __thread
| #define HAVE_PTHREAD_PRIO_INHERIT 1
| #define HAVE_PTHREAD 1
| #define USE_UUIDD 1
| #define CONFIG_MMP 1
| #define ENABLE_BMAP_STATS 1
| #define PACKAGE "e2fsprogs"
| #define VERSION "0.14.1"
| /* end confdefs.h.  */
| #include <CoreFoundation/CFLocale.h>
| int
| main (void)
| {
| CFLocaleCopyPreferredLanguages();
|   ;
|   return 0;
| }
configure:9814: result: no
configure:10795: checking whether to use NLS
configure:10797: result: no
configure:10869: checking whether make sets $(MAKE)
configure:10892: result: yes
configure:10901: checking for GNU make
configure:10922: result: make
configure:10938: checking for ln
configure:10961: found /usr/bin/ln
configure:10974: result: /usr/bin/ln
configure:10985: checking whether ln -s works
configure:10989: result: yes
configure:10998: checking for mv
configure:11021: found /usr/bin/mv
configure:11034: result: /usr/bin/mv
configure:11044: checking for cp
configure:11067: found /usr/bin/cp
configure:11080: result: /usr/bin/cp
configure:11090: checking for rm
configure:11113: found /usr/bin/rm
configure:11126: result: /usr/bin/rm
configure:11136: checking for chmod
configure:11159: found /usr/bin/chmod
configure:11172: result: /usr/bin/chmod
configure:11184: checking for gawk
configure:11205: found /usr/bin/gawk
configure:11216: result: gawk
configure:11227: checking for egrep
configure:11295: result: /usr/bin/grep -E
configure:11302: checking for sed
configure:11338: result: /usr/bin/sed
configure:11348: checking for perl
configure:11371: found /usr/bin/perl
configure:11384: result: /usr/bin/perl
configure:11394: checking for ldconfig
configure:11417: found /usr/sbin/ldconfig
configure:11430: result: /usr/sbin/ldconfig
configure:11486: checking for ar
configure:11507: found /usr/bin/ar
configure:11518: result: ar
configure:11588: checking for ranlib
configure:11609: found /usr/bin/ranlib
configure:11620: result: ranlib
configure:11690: checking for strip
configure:11711: found /usr/bin/strip
configure:11722: result: strip
configure:11746: checking for makeinfo
configure:11767: found /usr/bin/makeinfo
configure:11778: result: makeinfo
configure:11855: checking for dirent.h
configure:11855: gcc -c -g -O2  conftest.c >&5
configure:11855: $? = 0
configure:11855: result: yes
configure:11861: checking for errno.h
configure:11861: gcc -c -g -O2  conftest.c >&5
configure:11861: $? = 0
configure:11861: result: yes
configure:11867: checking for execinfo.h
configure:11867: gcc -c -g -O2  conftest.c >&5
configure:11867: $? = 0
configure:11867: result: yes
configure:11873: checking for getopt.h
configure:11873: gcc -c -g -O2  conftest.c >&5
configure:11873: $? = 0
configure:11873: result: yes
configure:11879: checking for malloc.h
configure:11879: gcc -c -g -O2  conftest.c >&5
configure:11879: $? = 0
configure:11879: result: yes
configure:11885: checking for mntent.h
configure:11885: gcc -c -g -O2  conftest.c >&5
configure:11885: $? = 0
configure:11885: result: yes
configure:11891: checking for paths.h
configure:11891: gcc -c -g -O2  conftest.c >&5
configure:11891: $? = 0
configure:11891: result: yes
configure:11897: checking for pthread.h
configure:11897: gcc -c -g -O2  conftest.c >&5
configure:11897: $? = 0
configure:11897: result: yes
configure:11903: checking for semaphore.h
configure:11903: gcc -c -g -O2  conftest.c >&5
configure:11903: $? = 0
configure:11903: result: yes
configure:11909: checking for setjmp.h
configure:11909: gcc -c -g -O2  conftest.c >&5
configure:11909: $? = 0
configure:11909: result: yes
configure:11915: checking for signal.h
configure:11915: gcc -c -g -O2  conftest.c >&5
configure:11915: $? = 0
configure:11915: result: yes
configure:11921: checking for stdarg.h
configure:11921: gcc -c -g -O2  conftest.c >&5
configure:11921: $? = 0
configure:11921: result: yes
configure:11927: checking for stdint.h
configure:11927: result: yes
configure:11933: checking for stdlib.h
configure:11933: result: yes
configure:11939: checking for termios.h
configure:11939: gcc -c -g -O2  conftest.c >&5
configure:11939: $? = 0
configure:11939: result: yes
configure:11945: checking for termio.h
configure:11945: gcc -c -g -O2  conftest.c >&5
configure:11945: $? = 0
configure:11945: result: yes
configure:11951: checking for unistd.h
configure:11951: result: yes
configure:11957: checking for utime.h
configure:11957: gcc -c -g -O2  conftest.c >&5
configure:11957: $? = 0
configure:11957: result: yes
configure:11963: checking for attr/xattr.h
configure:11963: gcc -c -g -O2  conftest.c >&5
conftest.c:92:10: fatal error: attr/xattr.h: No such file or directory
   92 | #include <attr/xattr.h>
      |          ^~~~~~~~~~~~~~
compilation terminated.
configure:11963: $? = 1
configure: failed program was:
| /* confdefs.h */
| #define PACKAGE_NAME ""
| #define PACKAGE_TARNAME ""
| #define PACKAGE_VERSION ""
| #define PACKAGE_STRING ""
| #define PACKAGE_BUGREPORT ""
| #define PACKAGE_URL ""
| #define HAVE_STDIO_H 1
| #define HAVE_STDLIB_H 1
| #define HAVE_STRING_H 1
| #define HAVE_INTTYPES_H 1
| #define HAVE_STDINT_H 1
| #define HAVE_STRINGS_H 1
| #define HAVE_SYS_STAT_H 1
| #define HAVE_SYS_TYPES_H 1
| #define HAVE_UNISTD_H 1
| #define HAVE_WCHAR_H 1
| #define STDC_HEADERS 1
| #define _ALL_SOURCE 1
| #define _DARWIN_C_SOURCE 1
| #define _GNU_SOURCE 1
| #define _HPUX_ALT_XOPEN_SOCKET_API 1
| #define _NETBSD_SOURCE 1
| #define _OPENBSD_SOURCE 1
| #define _POSIX_PTHREAD_SEMANTICS 1
| #define __STDC_WANT_IEC_60559_ATTRIBS_EXT__ 1
| #define __STDC_WANT_IEC_60559_BFP_EXT__ 1
| #define __STDC_WANT_IEC_60559_DFP_EXT__ 1
| #define __STDC_WANT_IEC_60559_FUNCS_EXT__ 1
| #define __STDC_WANT_IEC_60559_TYPES_EXT__ 1
| #define __STDC_WANT_LIB_EXT2__ 1
| #define __STDC_WANT_MATH_SPEC_FUNCS__ 1
| #define _TANDEM_SOURCE 1
| #define __EXTENSIONS__ 1
| #define CONFIG_TESTIO_DEBUG 1
| #define CONFIG_BUILD_FINDFS 1
| #define TLS __thread
| #define HAVE_PTHREAD_PRIO_INHERIT 1
| #define HAVE_PTHREAD 1
| #define USE_UUIDD 1
| #define CONFIG_MMP 1
| #define ENABLE_BMAP_STATS 1
| #define PACKAGE "e2fsprogs"
| #define VERSION "0.14.1"
| #define HAVE_DIRENT_H 1
| #define HAVE_ERRNO_H 1
| #define HAVE_EXECINFO_H 1
| #define HAVE_GETOPT_H 1
| #define HAVE_MALLOC_H 1
| #define HAVE_MNTENT_H 1
| #define HAVE_PATHS_H 1
| #define HAVE_PTHREAD_H 1
| #define HAVE_SEMAPHORE_H 1
| #define HAVE_SETJMP_H 1
| #define HAVE_SIGNAL_H 1
| #define HAVE_STDARG_H 1
| #define HAVE_STDINT_H 1
| #define HAVE_STDLIB_H 1
| #define HAVE_TERMIOS_H 1
| #define HAVE_TERMIO_H 1
| #define HAVE_UNISTD_H 1
| #define HAVE_UTIME_H 1
| /* end confdefs.h.  */
| #include <stddef.h>
| #ifdef HAVE_STDIO_H
| # include <stdio.h>
| #endif
| #ifdef HAVE_STDLIB_H
| # include <stdlib.h>
| #endif
| #ifdef HAVE_STRING_H
| # include <string.h>
| #endif
| #ifdef HAVE_INTTYPES_H
| # include <inttypes.h>
| #endif
| #ifdef HAVE_STDINT_H
| # include <stdint.h>
| #endif
| #ifdef HAVE_STRINGS_H
| # include <strings.h>
| #endif
| #ifdef HAVE_SYS_TYPES_H
| # include <sys/types.h>
| #endif
| #ifdef HAVE_SYS_STAT_H
| # include <sys/stat.h>
| #endif
| #ifdef HAVE_UNISTD_H
| # include <unistd.h>
| #endif
| #include <attr/xattr.h>
configure:11963: result: no
configure:11969: checking for linux/falloc.h
configure:11969: gcc -c -g -O2  conftest.c >&5
configure:11969: $? = 0
configure:11969: result: yes
configure:11975: checking for linux/fd.h
configure:11975: gcc -c -g -O2  conftest.c >&5
configure:11975: $? = 0
configure:11975: result: yes
configure:11981: checking for linux/fsmap.h
configure:11981: gcc -c -g -O2  conftest.c >&5
configure:11981: $? = 0
configure:11981: result: yes
configure:11987: checking for linux/fsverity.h
configure:11987: gcc -c -g -O2  conftest.c >&5
configure:11987: $? = 0
configure:11987: result: yes
configure:11993: checking for linux/major.h
configure:11993: gcc -c -g -O2  conftest.c >&5
configure:11993: $? = 0
configure:11993: result: yes
configure:11999: checking for linux/loop.h
configure:11999: gcc -c -g -O2  conftest.c >&5
configure:11999: $? = 0
configure:11999: result: yes
configure:12005: checking for linux/types.h
configure:12005: gcc -c -g -O2  conftest.c >&5
configure:12005: $? = 0
configure:12005: result: yes
configure:12011: checking for net/if_dl.h
configure:12011: gcc -c -g -O2  conftest.c >&5
conftest.c:99:10: fatal error: net/if_dl.h: No such file or directory
   99 | #include <net/if_dl.h>
      |          ^~~~~~~~~~~~~
compilation terminated.
configure:12011: $? = 1
configure: failed program was:
| /* confdefs.h */
| #define PACKAGE_NAME ""
| #define PACKAGE_TARNAME ""
| #define PACKAGE_VERSION ""
| #define PACKAGE_STRING ""
| #define PACKAGE_BUGREPORT ""
| #define PACKAGE_URL ""
| #define HAVE_STDIO_H 1
| #define HAVE_STDLIB_H 1
| #define HAVE_STRING_H 1
| #define HAVE_INTTYPES_H 1
| #define HAVE_STDINT_H 1
| #define HAVE_STRINGS_H 1
| #define HAVE_SYS_STAT_H 1
| #define HAVE_SYS_TYPES_H 1
| #define HAVE_UNISTD_H 1
| #define HAVE_WCHAR_H 1
| #define STDC_HEADERS 1
| #define _ALL_SOURCE 1
| #define _DARWIN_C_SOURCE 1
| #define _GNU_SOURCE 1
| #define _HPUX_ALT_XOPEN_SOCKET_API 1
| #define _NETBSD_SOURCE 1
| #define _OPENBSD_SOURCE 1
| #define _POSIX_PTHREAD_SEMANTICS 1
| #define __STDC_WANT_IEC_60559_ATTRIBS_EXT__ 1
| #define __STDC_WANT_IEC_60559_BFP_EXT__ 1
| #define __STDC_WANT_IEC_60559_DFP_EXT__ 1
| #define __STDC_WANT_IEC_60559_FUNCS_EXT__ 1
| #define __STDC_WANT_IEC_60559_TYPES_EXT__ 1
| #define __STDC_WANT_LIB_EXT2__ 1
| #define __STDC_WANT_MATH_SPEC_FUNCS__ 1
| #define _TANDEM_SOURCE 1
| #define __EXTENSIONS__ 1
| #define CONFIG_TESTIO_DEBUG 1
| #define CONFIG_BUILD_FINDFS 1
| #define TLS __thread
| #define HAVE_PTHREAD_PRIO_INHERIT 1
| #define HAVE_PTHREAD 1
| #define USE_UUIDD 1
| #define CONFIG_MMP 1
| #define ENABLE_BMAP_STATS 1
| #define PACKAGE "e2fsprogs"
| #define VERSION "0.14.1"
| #define HAVE_DIRENT_H 1
| #define HAVE_ERRNO_H 1
| #define HAVE_EXECINFO_H 1
| #define HAVE_GETOPT_H 1
| #define HAVE_MALLOC_H 1
| #define HAVE_MNTENT_H 1
| #define HAVE_PATHS_H 1
| #define HAVE_PTHREAD_H 1
| #define HAVE_SEMAPHORE_H 1
| #define HAVE_SETJMP_H 1
| #define HAVE_SIGNAL_H 1
| #define HAVE_STDARG_H 1
| #define HAVE_STDINT_H 1
| #define HAVE_STDLIB_H 1
| #define HAVE_TERMIOS_H 1
| #define HAVE_TERMIO_H 1
| #define HAVE_UNISTD_H 1
| #define HAVE_UTIME_H 1
| #define HAVE_LINUX_FALLOC_H 1
| #define HAVE_LINUX_FD_H 1
| #define HAVE_LINUX_FSMAP_H 1
| #define HAVE_LINUX_FSVERITY_H 1
| #define HAVE_LINUX_MAJOR_H 1
| #define HAVE_LINUX_LOOP_H 1
| #define HAVE_LINUX_TYPES_H 1
| /* end confdefs.h.  */
| #include <stddef.h>
| #ifdef HAVE_STDIO_H
| # include <stdio.h>
| #endif
| #ifdef HAVE_STDLIB_H
| # include <stdlib.h>
| #endif
| #ifdef HAVE_STRING_H
| # include <string.h>
| #endif
| #ifdef HAVE_INTTYPES_H
| # include <inttypes.h>
| #endif
| #ifdef HAVE_STDINT_H
| # include <stdint.h>
| #endif
| #ifdef HAVE_STRINGS_H
| # include <strings.h>
| #endif
| #ifdef HAVE_SYS_TYPES_H
| # include <sys/types.h>
| #endif
| #ifdef HAVE_SYS_STAT_H
| # include <sys/stat.h>
| #endif
| #ifdef HAVE_UNISTD_H
| # include <unistd.h>
| #endif
| #include <net/if_dl.h>
configure:12011: result: no
configure:12017: checking for netinet/in.h
configure:12017: gcc -c -g -O2  conftest.c >&5
configure:12017: $? = 0
configure:12017: result: yes
configure:12023: checking for sys/acl.h
configure:12023: gcc -c -g -O2  conftest.c >&5
conftest.c:100:10: fatal error: sys/acl.h: No such file or directory
  100 | #include <sys/acl.h>
      |          ^~~~~~~~~~~
compilation terminated.
configure:12023: $? = 1
configure: failed program was:
| /* confdefs.h */
| #define PACKAGE_NAME ""
| #define PACKAGE_TARNAME ""
| #define PACKAGE_VERSION ""
| #define PACKAGE_STRING ""
| #define PACKAGE_BUGREPORT ""
| #define PACKAGE_URL ""
| #define HAVE_STDIO_H 1
| #define HAVE_STDLIB_H 1
| #define HAVE_STRING_H 1
| #define HAVE_INTTYPES_H 1
| #define HAVE_STDINT_H 1
| #define HAVE_STRINGS_H 1
| #define HAVE_SYS_STAT_H 1
| #define HAVE_SYS_TYPES_H 1
| #define HAVE_UNISTD_H 1
| #define HAVE_WCHAR_H 1
| #define STDC_HEADERS 1
| #define _ALL_SOURCE 1
| #define _DARWIN_C_SOURCE 1
| #define _GNU_SOURCE 1
| #define _HPUX_ALT_XOPEN_SOCKET_API 1
| #define _NETBSD_SOURCE 1
| #define _OPENBSD_SOURCE 1
| #define _POSIX_PTHREAD_SEMANTICS 1
| #define __STDC_WANT_IEC_60559_ATTRIBS_EXT__ 1
| #define __STDC_WANT_IEC_60559_BFP_EXT__ 1
| #define __STDC_WANT_IEC_60559_DFP_EXT__ 1
| #define __STDC_WANT_IEC_60559_FUNCS_EXT__ 1
| #define __STDC_WANT_IEC_60559_TYPES_EXT__ 1
| #define __STDC_WANT_LIB_EXT2__ 1
| #define __STDC_WANT_MATH_SPEC_FUNCS__ 1
| #define _TANDEM_SOURCE 1
| #define __EXTENSIONS__ 1
| #define CONFIG_TESTIO_DEBUG 1
| #define CONFIG_BUILD_FINDFS 1
| #define TLS __thread
| #define HAVE_PTHREAD_PRIO_INHERIT 1
| #define HAVE_PTHREAD 1
| #define USE_UUIDD 1
| #define CONFIG_MMP 1
| #define ENABLE_BMAP_STATS 1
| #define PACKAGE "e2fsprogs"
| #define VERSION "0.14.1"
| #define HAVE_DIRENT_H 1
| #define HAVE_ERRNO_H 1
| #define HAVE_EXECINFO_H 1
| #define HAVE_GETOPT_H 1
| #define HAVE_MALLOC_H 1
| #define HAVE_MNTENT_H 1
| #define HAVE_PATHS_H 1
| #define HAVE_PTHREAD_H 1
| #define HAVE_SEMAPHORE_H 1
| #define HAVE_SETJMP_H 1
| #define HAVE_SIGNAL_H 1
| #define HAVE_STDARG_H 1
| #define HAVE_STDINT_H 1
| #define HAVE_STDLIB_H 1
| #define HAVE_TERMIOS_H 1
| #define HAVE_TERMIO_H 1
| #define HAVE_UNISTD_H 1
| #define HAVE_UTIME_H 1
| #define HAVE_LINUX_FALLOC_H 1
| #define HAVE_LINUX_FD_H 1
| #define HAVE_LINUX_FSMAP_H 1
| #define HAVE_LINUX_FSVERITY_H 1
| #define HAVE_LINUX_MAJOR_H 1
| #define HAVE_LINUX_LOOP_H 1
| #define HAVE_LINUX_TYPES_H 1
| #define HAVE_NETINET_IN_H 1
| /* end confdefs.h.  */
| #include <stddef.h>
| #ifdef HAVE_STDIO_H
| # include <stdio.h>
| #endif
| #ifdef HAVE_STDLIB_H
| # include <stdlib.h>
| #endif
| #ifdef HAVE_STRING_H
| # include <string.h>
| #endif
| #ifdef HAVE_INTTYPES_H
| # include <inttypes.h>
| #endif
| #ifdef HAVE_STDINT_H
| # include <stdint.h>
| #endif
| #ifdef HAVE_STRINGS_H
| # include <strings.h>
| #endif
| #ifdef HAVE_SYS_TYPES_H
| # include <sys/types.h>
| #endif
| #ifdef HAVE_SYS_STAT_H
| # include <sys/stat.h>
| #endif
| #ifdef HAVE_UNISTD_H
| # include <unistd.h>
| #endif
| #include <sys/acl.h>
configure:12023: result: no
configure:12029: checking for sys/disklabel.h
configure:12029: gcc -c -g -O2  conftest.c >&5
conftest.c:100:10: fatal error: sys/disklabel.h: No such file or directory
  100 | #include <sys/disklabel.h>
      |          ^~~~~~~~~~~~~~~~~
compilation terminated.
configure:12029: $? = 1
configure: failed program was:
| /* confdefs.h */
| #define PACKAGE_NAME ""
| #define PACKAGE_TARNAME ""
| #define PACKAGE_VERSION ""
| #define PACKAGE_STRING ""
| #define PACKAGE_BUGREPORT ""
| #define PACKAGE_URL ""
| #define HAVE_STDIO_H 1
| #define HAVE_STDLIB_H 1
| #define HAVE_STRING_H 1
| #define HAVE_INTTYPES_H 1
| #define HAVE_STDINT_H 1
| #define HAVE_STRINGS_H 1
| #define HAVE_SYS_STAT_H 1
| #define HAVE_SYS_TYPES_H 1
| #define HAVE_UNISTD_H 1
| #define HAVE_WCHAR_H 1
| #define STDC_HEADERS 1
| #define _ALL_SOURCE 1
| #define _DARWIN_C_SOURCE 1
| #define _GNU_SOURCE 1
| #define _HPUX_ALT_XOPEN_SOCKET_API 1
| #define _NETBSD_SOURCE 1
| #define _OPENBSD_SOURCE 1
| #define _POSIX_PTHREAD_SEMANTICS 1
| #define __STDC_WANT_IEC_60559_ATTRIBS_EXT__ 1
| #define __STDC_WANT_IEC_60559_BFP_EXT__ 1
| #define __STDC_WANT_IEC_60559_DFP_EXT__ 1
| #define __STDC_WANT_IEC_60559_FUNCS_EXT__ 1
| #define __STDC_WANT_IEC_60559_TYPES_EXT__ 1
| #define __STDC_WANT_LIB_EXT2__ 1
| #define __STDC_WANT_MATH_SPEC_FUNCS__ 1
| #define _TANDEM_SOURCE 1
| #define __EXTENSIONS__ 1
| #define CONFIG_TESTIO_DEBUG 1
| #define CONFIG_BUILD_FINDFS 1
| #define TLS __thread
| #define HAVE_PTHREAD_PRIO_INHERIT 1
| #define HAVE_PTHREAD 1
| #define USE_UUIDD 1
| #define CONFIG_MMP 1
| #define ENABLE_BMAP_STATS 1
| #define PACKAGE "e2fsprogs"
| #define VERSION "0.14.1"
| #define HAVE_DIRENT_H 1
| #define HAVE_ERRNO_H 1
| #define HAVE_EXECINFO_H 1
| #define HAVE_GETOPT_H 1
| #define HAVE_MALLOC_H 1
| #define HAVE_MNTENT_H 1
| #define HAVE_PATHS_H 1
| #define HAVE_PTHREAD_H 1
| #define HAVE_SEMAPHORE_H 1
| #define HAVE_SETJMP_H 1
| #define HAVE_SIGNAL_H 1
| #define HAVE_STDARG_H 1
| #define HAVE_STDINT_H 1
| #define HAVE_STDLIB_H 1
| #define HAVE_TERMIOS_H 1
| #define HAVE_TERMIO_H 1
| #define HAVE_UNISTD_H 1
| #define HAVE_UTIME_H 1
| #define HAVE_LINUX_FALLOC_H 1
| #define HAVE_LINUX_FD_H 1
| #define HAVE_LINUX_FSMAP_H 1
| #define HAVE_LINUX_FSVERITY_H 1
| #define HAVE_LINUX_MAJOR_H 1
| #define HAVE_LINUX_LOOP_H 1
| #define HAVE_LINUX_TYPES_H 1
| #define HAVE_NETINET_IN_H 1
| /* end confdefs.h.  */
| #include <stddef.h>
| #ifdef HAVE_STDIO_H
| # include <stdio.h>
| #endif
| #ifdef HAVE_STDLIB_H
| # include <stdlib.h>
| #endif
| #ifdef HAVE_STRING_H
| # include <string.h>
| #endif
| #ifdef HAVE_INTTYPES_H
| # include <inttypes.h>
| #endif
| #ifdef HAVE_STDINT_H
| # include <stdint.h>
| #endif
| #ifdef HAVE_STRINGS_H
| # include <strings.h>
| #endif
| #ifdef HAVE_SYS_TYPES_H
| # include <sys/types.h>
| #endif
| #ifdef HAVE_SYS_STAT_H
| # include <sys/stat.h>
| #endif
| #ifdef HAVE_UNISTD_H
| # include <unistd.h>
| #endif
| #include <sys/disklabel.h>
configure:12029: result: no
configure:12035: checking for sys/disk.h
configure:12035: gcc -c -g -O2  conftest.c >&5
conftest.c:100:10: fatal error: sys/disk.h: No such file or directory
  100 | #include <sys/disk.h>
      |          ^~~~~~~~~~~~
compilation terminated.
configure:12035: $? = 1
configure: failed program was:
| /* confdefs.h */
| #define PACKAGE_NAME ""
| #define PACKAGE_TARNAME ""
| #define PACKAGE_VERSION ""
| #define PACKAGE_STRING ""
| #define PACKAGE_BUGREPORT ""
| #define PACKAGE_URL ""
| #define HAVE_STDIO_H 1
| #define HAVE_STDLIB_H 1
| #define HAVE_STRING_H 1
| #define HAVE_INTTYPES_H 1
| #define HAVE_STDINT_H 1
| #define HAVE_STRINGS_H 1
| #define HAVE_SYS_STAT_H 1
| #define HAVE_SYS_TYPES_H 1
| #define HAVE_UNISTD_H 1
| #define HAVE_WCHAR_H 1
| #define STDC_HEADERS 1
| #define _ALL_SOURCE 1
| #define _DARWIN_C_SOURCE 1
| #define _GNU_SOURCE 1
| #define _HPUX_ALT_XOPEN_SOCKET_API 1
| #define _NETBSD_SOURCE 1
| #define _OPENBSD_SOURCE 1
| #define _POSIX_PTHREAD_SEMANTICS 1
| #define __STDC_WANT_IEC_60559_ATTRIBS_EXT__ 1
| #define __STDC_WANT_IEC_60559_BFP_EXT__ 1
| #define __STDC_WANT_IEC_60559_DFP_EXT__ 1
| #define __STDC_WANT_IEC_60559_FUNCS_EXT__ 1
| #define __STDC_WANT_IEC_60559_TYPES_EXT__ 1
| #define __STDC_WANT_LIB_EXT2__ 1
| #define __STDC_WANT_MATH_SPEC_FUNCS__ 1
| #define _TANDEM_SOURCE 1
| #define __EXTENSIONS__ 1
| #define CONFIG_TESTIO_DEBUG 1
| #define CONFIG_BUILD_FINDFS 1
| #define TLS __thread
| #define HAVE_PTHREAD_PRIO_INHERIT 1
| #define HAVE_PTHREAD 1
| #define USE_UUIDD 1
| #define CONFIG_MMP 1
| #define ENABLE_BMAP_STATS 1
| #define PACKAGE "e2fsprogs"
| #define VERSION "0.14.1"
| #define HAVE_DIRENT_H 1
| #define HAVE_ERRNO_H 1
| #define HAVE_EXECINFO_H 1
| #define HAVE_GETOPT_H 1
| #define HAVE_MALLOC_H 1
| #define HAVE_MNTENT_H 1
| #define HAVE_PATHS_H 1
| #define HAVE_PTHREAD_H 1
| #define HAVE_SEMAPHORE_H 1
| #define HAVE_SETJMP_H 1
| #define HAVE_SIGNAL_H 1
| #define HAVE_STDARG_H 1
| #define HAVE_STDINT_H 1
| #define HAVE_STDLIB_H 1
| #define HAVE_TERMIOS_H 1
| #define HAVE_TERMIO_H 1
| #define HAVE_UNISTD_H 1
| #define HAVE_UTIME_H 1
| #define HAVE_LINUX_FALLOC_H 1
| #define HAVE_LINUX_FD_H 1
| #define HAVE_LINUX_FSMAP_H 1
| #define HAVE_LINUX_FSVERITY_H 1
| #define HAVE_LINUX_MAJOR_H 1
| #define HAVE_LINUX_LOOP_H 1
| #define HAVE_LINUX_TYPES_H 1
| #define HAVE_NETINET_IN_H 1
| /* end confdefs.h.  */
| #include <stddef.h>
| #ifdef HAVE_STDIO_H
| # include <stdio.h>
| #endif
| #ifdef HAVE_STDLIB_H
| # include <stdlib.h>
| #endif
| #ifdef HAVE_STRING_H
| # include <string.h>
| #endif
| #ifdef HAVE_INTTYPES_H
| # include <inttypes.h>
| #endif
| #ifdef HAVE_STDINT_H
| # include <stdint.h>
| #endif
| #ifdef HAVE_STRINGS_H
| # include <strings.h>
| #endif
| #ifdef HAVE_SYS_TYPES_H
| # include <sys/types.h>
| #endif
| #ifdef HAVE_SYS_STAT_H
| # include <sys/stat.h>
| #endif
| #ifdef HAVE_UNISTD_H
| # include <unistd.h>
| #endif
| #include <sys/disk.h>
configure:12035: result: no
configure:12041: checking for sys/file.h
configure:12041: gcc -c -g -O2  conftest.c >&5
configure:12041: $? = 0
configure:12041: result: yes
configure:12047: checking for sys/ioctl.h
configure:12047: gcc -c -g -O2  conftest.c >&5
configure:12047: $? = 0
configure:12047: result: yes
configure:12053: checking for sys/key.h
configure:12053: gcc -c -g -O2  conftest.c >&5
conftest.c:102:10: fatal error: sys/key.h: No such file or directory
  102 | #include <sys/key.h>
      |          ^~~~~~~~~~~
compilation terminated.
configure:12053: $? = 1
configure: failed program was:
| /* confdefs.h */
| #define PACKAGE_NAME ""
| #define PACKAGE_TARNAME ""
| #define PACKAGE_VERSION ""
| #define PACKAGE_STRING ""
| #define PACKAGE_BUGREPORT ""
| #define PACKAGE_URL ""
| #define HAVE_STDIO_H 1
| #define HAVE_STDLIB_H 1
| #define HAVE_STRING_H 1
| #define HAVE_INTTYPES_H 1
| #define HAVE_STDINT_H 1
| #define HAVE_STRINGS_H 1
| #define HAVE_SYS_STAT_H 1
| #define HAVE_SYS_TYPES_H 1
| #define HAVE_UNISTD_H 1
| #define HAVE_WCHAR_H 1
| #define STDC_HEADERS 1
| #define _ALL_SOURCE 1
| #define _DARWIN_C_SOURCE 1
| #define _GNU_SOURCE 1
| #define _HPUX_ALT_XOPEN_SOCKET_API 1
| #define _NETBSD_SOURCE 1
| #define _OPENBSD_SOURCE 1
| #define _POSIX_PTHREAD_SEMANTICS 1
| #define __STDC_WANT_IEC_60559_ATTRIBS_EXT__ 1
| #define __STDC_WANT_IEC_60559_BFP_EXT__ 1
| #define __STDC_WANT_IEC_60559_DFP_EXT__ 1
| #define __STDC_WANT_IEC_60559_FUNCS_EXT__ 1
| #define __STDC_WANT_IEC_60559_TYPES_EXT__ 1
| #define __STDC_WANT_LIB_EXT2__ 1
| #define __STDC_WANT_MATH_SPEC_FUNCS__ 1
| #define _TANDEM_SOURCE 1
| #define __EXTENSIONS__ 1
| #define CONFIG_TESTIO_DEBUG 1
| #define CONFIG_BUILD_FINDFS 1
| #define TLS __thread
| #define HAVE_PTHREAD_PRIO_INHERIT 1
| #define HAVE_PTHREAD 1
| #define USE_UUIDD 1
| #define CONFIG_MMP 1
| #define ENABLE_BMAP_STATS 1
| #define PACKAGE "e2fsprogs"
| #define VERSION "0.14.1"
| #define HAVE_DIRENT_H 1
| #define HAVE_ERRNO_H 1
| #define HAVE_EXECINFO_H 1
| #define HAVE_GETOPT_H 1
| #define HAVE_MALLOC_H 1
| #define HAVE_MNTENT_H 1
| #define HAVE_PATHS_H 1
| #define HAVE_PTHREAD_H 1
| #define HAVE_SEMAPHORE_H 1
| #define HAVE_SETJMP_H 1
| #define HAVE_SIGNAL_H 1
| #define HAVE_STDARG_H 1
| #define HAVE_STDINT_H 1
| #define HAVE_STDLIB_H 1
| #define HAVE_TERMIOS_H 1
| #define HAVE_TERMIO_H 1
| #define HAVE_UNISTD_H 1
| #define HAVE_UTIME_H 1
| #define HAVE_LINUX_FALLOC_H 1
| #define HAVE_LINUX_FD_H 1
| #define HAVE_LINUX_FSMAP_H 1
| #define HAVE_LINUX_FSVERITY_H 1
| #define HAVE_LINUX_MAJOR_H 1
| #define HAVE_LINUX_LOOP_H 1
| #define HAVE_LINUX_TYPES_H 1
| #define HAVE_NETINET_IN_H 1
| #define HAVE_SYS_FILE_H 1
| #define HAVE_SYS_IOCTL_H 1
| /* end confdefs.h.  */
| #include <stddef.h>
| #ifdef HAVE_STDIO_H
| # include <stdio.h>
| #endif
| #ifdef HAVE_STDLIB_H
| # include <stdlib.h>
| #endif
| #ifdef HAVE_STRING_H
| # include <string.h>
| #endif
| #ifdef HAVE_INTTYPES_H
| # include <inttypes.h>
| #endif
| #ifdef HAVE_STDINT_H
| # include <stdint.h>
| #endif
| #ifdef HAVE_STRINGS_H
| # include <strings.h>
| #endif
| #ifdef HAVE_SYS_TYPES_H
| # include <sys/types.h>
| #endif
| #ifdef HAVE_SYS_STAT_H
| # include <sys/stat.h>
| #endif
| #ifdef HAVE_UNISTD_H
| # include <unistd.h>
| #endif
| #include <sys/key.h>
configure:12053: result: no
configure:12059: checking for sys/mkdev.h
configure:12059: gcc -c -g -O2  conftest.c >&5
conftest.c:102:10: fatal error: sys/mkdev.h: No such file or directory
  102 | #include <sys/mkdev.h>
      |          ^~~~~~~~~~~~~
compilation terminated.
configure:12059: $? = 1
configure: failed program was:
| /* confdefs.h */
| #define PACKAGE_NAME ""
| #define PACKAGE_TARNAME ""
| #define PACKAGE_VERSION ""
| #define PACKAGE_STRING ""
| #define PACKAGE_BUGREPORT ""
| #define PACKAGE_URL ""
| #define HAVE_STDIO_H 1
| #define HAVE_STDLIB_H 1
| #define HAVE_STRING_H 1
| #define HAVE_INTTYPES_H 1
| #define HAVE_STDINT_H 1
| #define HAVE_STRINGS_H 1
| #define HAVE_SYS_STAT_H 1
| #define HAVE_SYS_TYPES_H 1
| #define HAVE_UNISTD_H 1
| #define HAVE_WCHAR_H 1
| #define STDC_HEADERS 1
| #define _ALL_SOURCE 1
| #define _DARWIN_C_SOURCE 1
| #define _GNU_SOURCE 1
| #define _HPUX_ALT_XOPEN_SOCKET_API 1
| #define _NETBSD_SOURCE 1
| #define _OPENBSD_SOURCE 1
| #define _POSIX_PTHREAD_SEMANTICS 1
| #define __STDC_WANT_IEC_60559_ATTRIBS_EXT__ 1
| #define __STDC_WANT_IEC_60559_BFP_EXT__ 1
| #define __STDC_WANT_IEC_60559_DFP_EXT__ 1
| #define __STDC_WANT_IEC_60559_FUNCS_EXT__ 1
| #define __STDC_WANT_IEC_60559_TYPES_EXT__ 1
| #define __STDC_WANT_LIB_EXT2__ 1
| #define __STDC_WANT_MATH_SPEC_FUNCS__ 1
| #define _TANDEM_SOURCE 1
| #define __EXTENSIONS__ 1
| #define CONFIG_TESTIO_DEBUG 1
| #define CONFIG_BUILD_FINDFS 1
| #define TLS __thread
| #define HAVE_PTHREAD_PRIO_INHERIT 1
| #define HAVE_PTHREAD 1
| #define USE_UUIDD 1
| #define CONFIG_MMP 1
| #define ENABLE_BMAP_STATS 1
| #define PACKAGE "e2fsprogs"
| #define VERSION "0.14.1"
| #define HAVE_DIRENT_H 1
| #define HAVE_ERRNO_H 1
| #define HAVE_EXECINFO_H 1
| #define HAVE_GETOPT_H 1
| #define HAVE_MALLOC_H 1
| #define HAVE_MNTENT_H 1
| #define HAVE_PATHS_H 1
| #define HAVE_PTHREAD_H 1
| #define HAVE_SEMAPHORE_H 1
| #define HAVE_SETJMP_H 1
| #define HAVE_SIGNAL_H 1
| #define HAVE_STDARG_H 1
| #define HAVE_STDINT_H 1
| #define HAVE_STDLIB_H 1
| #define HAVE_TERMIOS_H 1
| #define HAVE_TERMIO_H 1
| #define HAVE_UNISTD_H 1
| #define HAVE_UTIME_H 1
| #define HAVE_LINUX_FALLOC_H 1
| #define HAVE_LINUX_FD_H 1
| #define HAVE_LINUX_FSMAP_H 1
| #define HAVE_LINUX_FSVERITY_H 1
| #define HAVE_LINUX_MAJOR_H 1
| #define HAVE_LINUX_LOOP_H 1
| #define HAVE_LINUX_TYPES_H 1
| #define HAVE_NETINET_IN_H 1
| #define HAVE_SYS_FILE_H 1
| #define HAVE_SYS_IOCTL_H 1
| /* end confdefs.h.  */
| #include <stddef.h>
| #ifdef HAVE_STDIO_H
| # include <stdio.h>
| #endif
| #ifdef HAVE_STDLIB_H
| # include <stdlib.h>
| #endif
| #ifdef HAVE_STRING_H
| # include <string.h>
| #endif
| #ifdef HAVE_INTTYPES_H
| # include <inttypes.h>
| #endif
| #ifdef HAVE_STDINT_H
| # include <stdint.h>
| #endif
| #ifdef HAVE_STRINGS_H
| # include <strings.h>
| #endif
| #ifdef HAVE_SYS_TYPES_H
| # include <sys/types.h>
| #endif
| #ifdef HAVE_SYS_STAT_H
| # include <sys/stat.h>
| #endif
| #ifdef HAVE_UNISTD_H
| # include <unistd.h>
| #endif
| #include <sys/mkdev.h>
configure:12059: result: no
configure:12065: checking for sys/mman.h
configure:12065: gcc -c -g -O2  conftest.c >&5
configure:12065: $? = 0
configure:12065: result: yes
configure:12071: checking for sys/mount.h
configure:12071: gcc -c -g -O2  conftest.c >&5
configure:12071: $? = 0
configure:12071: result: yes
configure:12077: checking for sys/prctl.h
configure:12077: gcc -c -g -O2  conftest.c >&5
configure:12077: $? = 0
configure:12077: result: yes
configure:12083: checking for sys/random.h
configure:12083: gcc -c -g -O2  conftest.c >&5
configure:12083: $? = 0
configure:12083: result: yes
configure:12089: checking for sys/resource.h
configure:12089: gcc -c -g -O2  conftest.c >&5
configure:12089: $? = 0
configure:12089: result: yes
configure:12095: checking for sys/select.h
configure:12095: gcc -c -g -O2  conftest.c >&5
configure:12095: $? = 0
configure:12095: result: yes
configure:12101: checking for sys/socket.h
configure:12101: gcc -c -g -O2  conftest.c >&5
configure:12101: $? = 0
configure:12101: result: yes
configure:12107: checking for sys/sockio.h
configure:12107: gcc -c -g -O2  conftest.c >&5
conftest.c:109:10: fatal error: sys/sockio.h: No such file or directory
  109 | #include <sys/sockio.h>
      |          ^~~~~~~~~~~~~~
compilation terminated.
configure:12107: $? = 1
configure: failed program was:
| /* confdefs.h */
| #define PACKAGE_NAME ""
| #define PACKAGE_TARNAME ""
| #define PACKAGE_VERSION ""
| #define PACKAGE_STRING ""
| #define PACKAGE_BUGREPORT ""
| #define PACKAGE_URL ""
| #define HAVE_STDIO_H 1
| #define HAVE_STDLIB_H 1
| #define HAVE_STRING_H 1
| #define HAVE_INTTYPES_H 1
| #define HAVE_STDINT_H 1
| #define HAVE_STRINGS_H 1
| #define HAVE_SYS_STAT_H 1
| #define HAVE_SYS_TYPES_H 1
| #define HAVE_UNISTD_H 1
| #define HAVE_WCHAR_H 1
| #define STDC_HEADERS 1
| #define _ALL_SOURCE 1
| #define _DARWIN_C_SOURCE 1
| #define _GNU_SOURCE 1
| #define _HPUX_ALT_XOPEN_SOCKET_API 1
| #define _NETBSD_SOURCE 1
| #define _OPENBSD_SOURCE 1
| #define _POSIX_PTHREAD_SEMANTICS 1
| #define __STDC_WANT_IEC_60559_ATTRIBS_EXT__ 1
| #define __STDC_WANT_IEC_60559_BFP_EXT__ 1
| #define __STDC_WANT_IEC_60559_DFP_EXT__ 1
| #define __STDC_WANT_IEC_60559_FUNCS_EXT__ 1
| #define __STDC_WANT_IEC_60559_TYPES_EXT__ 1
| #define __STDC_WANT_LIB_EXT2__ 1
| #define __STDC_WANT_MATH_SPEC_FUNCS__ 1
| #define _TANDEM_SOURCE 1
| #define __EXTENSIONS__ 1
| #define CONFIG_TESTIO_DEBUG 1
| #define CONFIG_BUILD_FINDFS 1
| #define TLS __thread
| #define HAVE_PTHREAD_PRIO_INHERIT 1
| #define HAVE_PTHREAD 1
| #define USE_UUIDD 1
| #define CONFIG_MMP 1
| #define ENABLE_BMAP_STATS 1
| #define PACKAGE "e2fsprogs"
| #define VERSION "0.14.1"
| #define HAVE_DIRENT_H 1
| #define HAVE_ERRNO_H 1
| #define HAVE_EXECINFO_H 1
| #define HAVE_GETOPT_H 1
| #define HAVE_MALLOC_H 1
| #define HAVE_MNTENT_H 1
| #define HAVE_PATHS_H 1
| #define HAVE_PTHREAD_H 1
| #define HAVE_SEMAPHORE_H 1
| #define HAVE_SETJMP_H 1
| #define HAVE_SIGNAL_H 1
| #define HAVE_STDARG_H 1
| #define HAVE_STDINT_H 1
| #define HAVE_STDLIB_H 1
| #define HAVE_TERMIOS_H 1
| #define HAVE_TERMIO_H 1
| #define HAVE_UNISTD_H 1
| #define HAVE_UTIME_H 1
| #define HAVE_LINUX_FALLOC_H 1
| #define HAVE_LINUX_FD_H 1
| #define HAVE_LINUX_FSMAP_H 1
| #define HAVE_LINUX_FSVERITY_H 1
| #define HAVE_LINUX_MAJOR_H 1
| #define HAVE_LINUX_LOOP_H 1
| #define HAVE_LINUX_TYPES_H 1
| #define HAVE_NETINET_IN_H 1
| #define HAVE_SYS_FILE_H 1
| #define HAVE_SYS_IOCTL_H 1
| #define HAVE_SYS_MMAN_H 1
| #define HAVE_SYS_MOUNT_H 1
| #define HAVE_SYS_PRCTL_H 1
| #define HAVE_SYS_RANDOM_H 1
| #define HAVE_SYS_RESOURCE_H 1
| #define HAVE_SYS_SELECT_H 1
| #define HAVE_SYS_SOCKET_H 1
| /* end confdefs.h.  */
| #include <stddef.h>
| #ifdef HAVE_STDIO_H
| # include <stdio.h>
| #endif
| #ifdef HAVE_STDLIB_H
| # include <stdlib.h>
| #endif
| #ifdef HAVE_STRING_H
| # include <string.h>
| #endif
| #ifdef HAVE_INTTYPES_H
| # include <inttypes.h>
| #endif
| #ifdef HAVE_STDINT_H
| # include <stdint.h>
| #endif
| #ifdef HAVE_STRINGS_H
| # include <strings.h>
| #endif
| #ifdef HAVE_SYS_TYPES_H
| # include <sys/types.h>
| #endif
| #ifdef HAVE_SYS_STAT_H
| # include <sys/stat.h>
| #endif
| #ifdef HAVE_UNISTD_H
| # include <unistd.h>
| #endif
| #include <sys/sockio.h>
configure:12107: result: no
configure:12113: checking for sys/stat.h
configure:12113: result: yes
configure:12119: checking for sys/syscall.h
configure:12119: gcc -c -g -O2  conftest.c >&5
configure:12119: $? = 0
configure:12119: result: yes
configure:12125: checking for sys/sysmacros.h
configure:12125: gcc -c -g -O2  conftest.c >&5
configure:12125: $? = 0
configure:12125: result: yes
configure:12131: checking for sys/time.h
configure:12131: gcc -c -g -O2  conftest.c >&5
configure:12131: $? = 0
configure:12131: result: yes
configure:12137: checking for sys/types.h
configure:12137: result: yes
configure:12143: checking for sys/un.h
configure:12143: gcc -c -g -O2  conftest.c >&5
configure:12143: $? = 0
configure:12143: result: yes
configure:12149: checking for sys/wait.h
configure:12149: gcc -c -g -O2  conftest.c >&5
configure:12149: $? = 0
configure:12149: result: yes
configure:12155: checking for sys/xattr.h
configure:12155: gcc -c -g -O2  conftest.c >&5
configure:12155: $? = 0
configure:12155: result: yes
configure:12178: checking for a dd(1) program that supports iflag=fullblock
configure:12188: result: dd
configure:12199: checking for net/if.h
configure:12199: gcc -c -g -O2  conftest.c >&5
configure:12199: $? = 0
configure:12199: result: yes
configure:12218: checking for vprintf
configure:12218: gcc -o conftest -g -O2   conftest.c  >&5
conftest.c:106:6: warning: conflicting types for built-in function 'vprintf'; expected 'int(const char *, __va_list_tag *)' [-Wbuiltin-declaration-mismatch]
  106 | char vprintf ();
      |      ^~~~~~~
conftest.c:98:1: note: 'vprintf' is declared in header '<stdio.h>'
   97 | #include <limits.h>
   98 | #undef vprintf
configure:12218: $? = 0
configure:12218: result: yes
configure:12239: checking for struct dirent.d_reclen
configure:12239: gcc -c -g -O2  conftest.c >&5
configure:12239: $? = 0
configure:12239: result: yes
configure:12248: checking for struct stat.st_atim
configure:12248: gcc -c -g -O2  conftest.c >&5
conftest.c: In function 'main':
conftest.c:124:5: error: used struct type value where scalar is required
  124 | if (ac_aggr.st_atim)
      |     ^~~~~~~
configure:12248: $? = 1
configure: failed program was:
| /* confdefs.h */
| #define PACKAGE_NAME ""
| #define PACKAGE_TARNAME ""
| #define PACKAGE_VERSION ""
| #define PACKAGE_STRING ""
| #define PACKAGE_BUGREPORT ""
| #define PACKAGE_URL ""
| #define HAVE_STDIO_H 1
| #define HAVE_STDLIB_H 1
| #define HAVE_STRING_H 1
| #define HAVE_INTTYPES_H 1
| #define HAVE_STDINT_H 1
| #define HAVE_STRINGS_H 1
| #define HAVE_SYS_STAT_H 1
| #define HAVE_SYS_TYPES_H 1
| #define HAVE_UNISTD_H 1
| #define HAVE_WCHAR_H 1
| #define STDC_HEADERS 1
| #define _ALL_SOURCE 1
| #define _DARWIN_C_SOURCE 1
| #define _GNU_SOURCE 1
| #define _HPUX_ALT_XOPEN_SOCKET_API 1
| #define _NETBSD_SOURCE 1
| #define _OPENBSD_SOURCE 1
| #define _POSIX_PTHREAD_SEMANTICS 1
| #define __STDC_WANT_IEC_60559_ATTRIBS_EXT__ 1
| #define __STDC_WANT_IEC_60559_BFP_EXT__ 1
| #define __STDC_WANT_IEC_60559_DFP_EXT__ 1
| #define __STDC_WANT_IEC_60559_FUNCS_EXT__ 1
| #define __STDC_WANT_IEC_60559_TYPES_EXT__ 1
| #define __STDC_WANT_LIB_EXT2__ 1
| #define __STDC_WANT_MATH_SPEC_FUNCS__ 1
| #define _TANDEM_SOURCE 1
| #define __EXTENSIONS__ 1
| #define CONFIG_TESTIO_DEBUG 1
| #define CONFIG_BUILD_FINDFS 1
| #define TLS __thread
| #define HAVE_PTHREAD_PRIO_INHERIT 1
| #define HAVE_PTHREAD 1
| #define USE_UUIDD 1
| #define CONFIG_MMP 1
| #define ENABLE_BMAP_STATS 1
| #define PACKAGE "e2fsprogs"
| #define VERSION "0.14.1"
| #define HAVE_DIRENT_H 1
| #define HAVE_ERRNO_H 1
| #define HAVE_EXECINFO_H 1
| #define HAVE_GETOPT_H 1
| #define HAVE_MALLOC_H 1
| #define HAVE_MNTENT_H 1
| #define HAVE_PATHS_H 1
| #define HAVE_PTHREAD_H 1
| #define HAVE_SEMAPHORE_H 1
| #define HAVE_SETJMP_H 1
| #define HAVE_SIGNAL_H 1
| #define HAVE_STDARG_H 1
| #define HAVE_STDINT_H 1
| #define HAVE_STDLIB_H 1
| #define HAVE_TERMIOS_H 1
| #define HAVE_TERMIO_H 1
| #define HAVE_UNISTD_H 1
| #define HAVE_UTIME_H 1
| #define HAVE_LINUX_FALLOC_H 1
| #define HAVE_LINUX_FD_H 1
| #define HAVE_LINUX_FSMAP_H 1
| #define HAVE_LINUX_FSVERITY_H 1
| #define HAVE_LINUX_MAJOR_H 1
| #define HAVE_LINUX_LOOP_H 1
| #define HAVE_LINUX_TYPES_H 1
| #define HAVE_NETINET_IN_H 1
| #define HAVE_SYS_FILE_H 1
| #define HAVE_SYS_IOCTL_H 1
| #define HAVE_SYS_MMAN_H 1
| #define HAVE_SYS_MOUNT_H 1
| #define HAVE_SYS_PRCTL_H 1
| #define HAVE_SYS_RANDOM_H 1
| #define HAVE_SYS_RESOURCE_H 1
| #define HAVE_SYS_SELECT_H 1
| #define HAVE_SYS_SOCKET_H 1
| #define HAVE_SYS_STAT_H 1
| #define HAVE_SYS_SYSCALL_H 1
| #define HAVE_SYS_SYSMACROS_H 1
| #define HAVE_SYS_TIME_H 1
| #define HAVE_SYS_TYPES_H 1
| #define HAVE_SYS_UN_H 1
| #define HAVE_SYS_WAIT_H 1
| #define HAVE_SYS_XATTR_H 1
| #define HAVE_NET_IF_H 1
| #define HAVE_VPRINTF 1
| #define HAVE_RECLEN_DIRENT 1
| /* end confdefs.h.  */
| #include <stddef.h>
| #ifdef HAVE_STDIO_H
| # include <stdio.h>
| #endif
| #ifdef HAVE_STDLIB_H
| # include <stdlib.h>
| #endif
| #ifdef HAVE_STRING_H
| # include <string.h>
| #endif
| #ifdef HAVE_INTTYPES_H
| # include <inttypes.h>
| #endif
| #ifdef HAVE_STDINT_H
| # include <stdint.h>
| #endif
| #ifdef HAVE_STRINGS_H
| # include <strings.h>
| #endif
| #ifdef HAVE_SYS_TYPES_H
| # include <sys/types.h>
| #endif
| #ifdef HAVE_SYS_STAT_H
| # include <sys/stat.h>
| #endif
| #ifdef HAVE_UNISTD_H
| # include <unistd.h>
| #endif
| int
| main (void)
| {
| static struct stat ac_aggr;
| if (ac_aggr.st_atim)
| return 0;
|   ;
|   return 0;
| }
configure:12248: gcc -c -g -O2  conftest.c >&5
configure:12248: $? = 0
configure:12248: result: yes
configure:12257: checking for ssize_t
configure:12257: gcc -c -g -O2  conftest.c >&5
configure:12257: $? = 0
configure:12257: gcc -c -g -O2  conftest.c >&5
conftest.c: In function 'main':
conftest.c:98:22: error: expected expression before ')' token
   98 | if (sizeof ((ssize_t)))
      |                      ^
configure:12257: $? = 1
configure: failed program was:
| /* confdefs.h */
| #define PACKAGE_NAME ""
| #define PACKAGE_TARNAME ""
| #define PACKAGE_VERSION ""
| #define PACKAGE_STRING ""
| #define PACKAGE_BUGREPORT ""
| #define PACKAGE_URL ""
| #define HAVE_STDIO_H 1
| #define HAVE_STDLIB_H 1
| #define HAVE_STRING_H 1
| #define HAVE_INTTYPES_H 1
| #define HAVE_STDINT_H 1
| #define HAVE_STRINGS_H 1
| #define HAVE_SYS_STAT_H 1
| #define HAVE_SYS_TYPES_H 1
| #define HAVE_UNISTD_H 1
| #define HAVE_WCHAR_H 1
| #define STDC_HEADERS 1
| #define _ALL_SOURCE 1
| #define _DARWIN_C_SOURCE 1
| #define _GNU_SOURCE 1
| #define _HPUX_ALT_XOPEN_SOCKET_API 1
| #define _NETBSD_SOURCE 1
| #define _OPENBSD_SOURCE 1
| #define _POSIX_PTHREAD_SEMANTICS 1
| #define __STDC_WANT_IEC_60559_ATTRIBS_EXT__ 1
| #define __STDC_WANT_IEC_60559_BFP_EXT__ 1
| #define __STDC_WANT_IEC_60559_DFP_EXT__ 1
| #define __STDC_WANT_IEC_60559_FUNCS_EXT__ 1
| #define __STDC_WANT_IEC_60559_TYPES_EXT__ 1
| #define __STDC_WANT_LIB_EXT2__ 1
| #define __STDC_WANT_MATH_SPEC_FUNCS__ 1
| #define _TANDEM_SOURCE 1
| #define __EXTENSIONS__ 1
| #define CONFIG_TESTIO_DEBUG 1
| #define CONFIG_BUILD_FINDFS 1
| #define TLS __thread
| #define HAVE_PTHREAD_PRIO_INHERIT 1
| #define HAVE_PTHREAD 1
| #define USE_UUIDD 1
| #define CONFIG_MMP 1
| #define ENABLE_BMAP_STATS 1
| #define PACKAGE "e2fsprogs"
| #define VERSION "0.14.1"
| #define HAVE_DIRENT_H 1
| #define HAVE_ERRNO_H 1
| #define HAVE_EXECINFO_H 1
| #define HAVE_GETOPT_H 1
| #define HAVE_MALLOC_H 1
| #define HAVE_MNTENT_H 1
| #define HAVE_PATHS_H 1
| #define HAVE_PTHREAD_H 1
| #define HAVE_SEMAPHORE_H 1
| #define HAVE_SETJMP_H 1
| #define HAVE_SIGNAL_H 1
| #define HAVE_STDARG_H 1
| #define HAVE_STDINT_H 1
| #define HAVE_STDLIB_H 1
| #define HAVE_TERMIOS_H 1
| #define HAVE_TERMIO_H 1
| #define HAVE_UNISTD_H 1
| #define HAVE_UTIME_H 1
| #define HAVE_LINUX_FALLOC_H 1
| #define HAVE_LINUX_FD_H 1
| #define HAVE_LINUX_FSMAP_H 1
| #define HAVE_LINUX_FSVERITY_H 1
| #define HAVE_LINUX_MAJOR_H 1
| #define HAVE_LINUX_LOOP_H 1
| #define HAVE_LINUX_TYPES_H 1
| #define HAVE_NETINET_IN_H 1
| #define HAVE_SYS_FILE_H 1
| #define HAVE_SYS_IOCTL_H 1
| #define HAVE_SYS_MMAN_H 1
| #define HAVE_SYS_MOUNT_H 1
| #define HAVE_SYS_PRCTL_H 1
| #define HAVE_SYS_RANDOM_H 1
| #define HAVE_SYS_RESOURCE_H 1
| #define HAVE_SYS_SELECT_H 1
| #define HAVE_SYS_SOCKET_H 1
| #define HAVE_SYS_STAT_H 1
| #define HAVE_SYS_SYSCALL_H 1
| #define HAVE_SYS_SYSMACROS_H 1
| #define HAVE_SYS_TIME_H 1
| #define HAVE_SYS_TYPES_H 1
| #define HAVE_SYS_UN_H 1
| #define HAVE_SYS_WAIT_H 1
| #define HAVE_SYS_XATTR_H 1
| #define HAVE_NET_IF_H 1
| #define HAVE_VPRINTF 1
| #define HAVE_RECLEN_DIRENT 1
| #define HAVE_STRUCT_STAT_ST_ATIM 1
| /* end confdefs.h.  */
| #include <sys/types.h>
| 
| int
| main (void)
| {
| if (sizeof ((ssize_t)))
| 	    return 0;
|   ;
|   return 0;
| }
configure:12257: result: yes
configure:12266: checking for gcc options needed to detect all undeclared functions
configure:12288: gcc -c -g -O2   conftest.c >&5
conftest.c: In function 'main':
conftest.c:98:8: error: 'strchr' undeclared (first use in this function)
   98 | (void) strchr;
      |        ^~~~~~
conftest.c:1:1: note: 'strchr' is defined in header '<string.h>'; did you forget to '#include <string.h>'?
    1 | /* confdefs.h */
conftest.c:98:8: note: each undeclared identifier is reported only once for each function it appears in
   98 | (void) strchr;
      |        ^~~~~~
configure:12288: $? = 1
configure: failed program was:
| /* confdefs.h */
| #define PACKAGE_NAME ""
| #define PACKAGE_TARNAME ""
| #define PACKAGE_VERSION ""
| #define PACKAGE_STRING ""
| #define PACKAGE_BUGREPORT ""
| #define PACKAGE_URL ""
| #define HAVE_STDIO_H 1
| #define HAVE_STDLIB_H 1
| #define HAVE_STRING_H 1
| #define HAVE_INTTYPES_H 1
| #define HAVE_STDINT_H 1
| #define HAVE_STRINGS_H 1
| #define HAVE_SYS_STAT_H 1
| #define HAVE_SYS_TYPES_H 1
| #define HAVE_UNISTD_H 1
| #define HAVE_WCHAR_H 1
| #define STDC_HEADERS 1
| #define _ALL_SOURCE 1
| #define _DARWIN_C_SOURCE 1
| #define _GNU_SOURCE 1
| #define _HPUX_ALT_XOPEN_SOCKET_API 1
| #define _NETBSD_SOURCE 1
| #define _OPENBSD_SOURCE 1
| #define _POSIX_PTHREAD_SEMANTICS 1
| #define __STDC_WANT_IEC_60559_ATTRIBS_EXT__ 1
| #define __STDC_WANT_IEC_60559_BFP_EXT__ 1
| #define __STDC_WANT_IEC_60559_DFP_EXT__ 1
| #define __STDC_WANT_IEC_60559_FUNCS_EXT__ 1
| #define __STDC_WANT_IEC_60559_TYPES_EXT__ 1
| #define __STDC_WANT_LIB_EXT2__ 1
| #define __STDC_WANT_MATH_SPEC_FUNCS__ 1
| #define _TANDEM_SOURCE 1
| #define __EXTENSIONS__ 1
| #define CONFIG_TESTIO_DEBUG 1
| #define CONFIG_BUILD_FINDFS 1
| #define TLS __thread
| #define HAVE_PTHREAD_PRIO_INHERIT 1
| #define HAVE_PTHREAD 1
| #define USE_UUIDD 1
| #define CONFIG_MMP 1
| #define ENABLE_BMAP_STATS 1
| #define PACKAGE "e2fsprogs"
| #define VERSION "0.14.1"
| #define HAVE_DIRENT_H 1
| #define HAVE_ERRNO_H 1
| #define HAVE_EXECINFO_H 1
| #define HAVE_GETOPT_H 1
| #define HAVE_MALLOC_H 1
| #define HAVE_MNTENT_H 1
| #define HAVE_PATHS_H 1
| #define HAVE_PTHREAD_H 1
| #define HAVE_SEMAPHORE_H 1
| #define HAVE_SETJMP_H 1
| #define HAVE_SIGNAL_H 1
| #define HAVE_STDARG_H 1
| #define HAVE_STDINT_H 1
| #define HAVE_STDLIB_H 1
| #define HAVE_TERMIOS_H 1
| #define HAVE_TERMIO_H 1
| #define HAVE_UNISTD_H 1
| #define HAVE_UTIME_H 1
| #define HAVE_LINUX_FALLOC_H 1
| #define HAVE_LINUX_FD_H 1
| #define HAVE_LINUX_FSMAP_H 1
| #define HAVE_LINUX_FSVERITY_H 1
| #define HAVE_LINUX_MAJOR_H 1
| #define HAVE_LINUX_LOOP_H 1
| #define HAVE_LINUX_TYPES_H 1
| #define HAVE_NETINET_IN_H 1
| #define HAVE_SYS_FILE_H 1
| #define HAVE_SYS_IOCTL_H 1
| #define HAVE_SYS_MMAN_H 1
| #define HAVE_SYS_MOUNT_H 1
| #define HAVE_SYS_PRCTL_H 1
| #define HAVE_SYS_RANDOM_H 1
| #define HAVE_SYS_RESOURCE_H 1
| #define HAVE_SYS_SELECT_H 1
| #define HAVE_SYS_SOCKET_H 1
| #define HAVE_SYS_STAT_H 1
| #define HAVE_SYS_SYSCALL_H 1
| #define HAVE_SYS_SYSMACROS_H 1
| #define HAVE_SYS_TIME_H 1
| #define HAVE_SYS_TYPES_H 1
| #define HAVE_SYS_UN_H 1
| #define HAVE_SYS_WAIT_H 1
| #define HAVE_SYS_XATTR_H 1
| #define HAVE_NET_IF_H 1
| #define HAVE_VPRINTF 1
| #define HAVE_RECLEN_DIRENT 1
| #define HAVE_STRUCT_STAT_ST_ATIM 1
| #define HAVE_TYPE_SSIZE_T 1
| /* end confdefs.h.  */
| 
| int
| main (void)
| {
| (void) strchr;
|   ;
|   return 0;
| }
configure:12315: gcc -c -g -O2   conftest.c >&5
configure:12315: $? = 0
configure:12332: result: none needed
configure:12346: checking whether llseek is declared
configure:12346: gcc -c -g -O2   conftest.c >&5
conftest.c: In function 'main':
conftest.c:103:10: error: 'llseek' undeclared (first use in this function); did you mean 'lseek'?
  103 |   (void) llseek;
      |          ^~~~~~
      |          lseek
conftest.c:103:10: note: each undeclared identifier is reported only once for each function it appears in
configure:12346: $? = 1
configure: failed program was:
| /* confdefs.h */
| #define PACKAGE_NAME ""
| #define PACKAGE_TARNAME ""
| #define PACKAGE_VERSION ""
| #define PACKAGE_STRING ""
| #define PACKAGE_BUGREPORT ""
| #define PACKAGE_URL ""
| #define HAVE_STDIO_H 1
| #define HAVE_STDLIB_H 1
| #define HAVE_STRING_H 1
| #define HAVE_INTTYPES_H 1
| #define HAVE_STDINT_H 1
| #define HAVE_STRINGS_H 1
| #define HAVE_SYS_STAT_H 1
| #define HAVE_SYS_TYPES_H 1
| #define HAVE_UNISTD_H 1
| #define HAVE_WCHAR_H 1
| #define STDC_HEADERS 1
| #define _ALL_SOURCE 1
| #define _DARWIN_C_SOURCE 1
| #define _GNU_SOURCE 1
| #define _HPUX_ALT_XOPEN_SOCKET_API 1
| #define _NETBSD_SOURCE 1
| #define _OPENBSD_SOURCE 1
| #define _POSIX_PTHREAD_SEMANTICS 1
| #define __STDC_WANT_IEC_60559_ATTRIBS_EXT__ 1
| #define __STDC_WANT_IEC_60559_BFP_EXT__ 1
| #define __STDC_WANT_IEC_60559_DFP_EXT__ 1
| #define __STDC_WANT_IEC_60559_FUNCS_EXT__ 1
| #define __STDC_WANT_IEC_60559_TYPES_EXT__ 1
| #define __STDC_WANT_LIB_EXT2__ 1
| #define __STDC_WANT_MATH_SPEC_FUNCS__ 1
| #define _TANDEM_SOURCE 1
| #define __EXTENSIONS__ 1
| #define CONFIG_TESTIO_DEBUG 1
| #define CONFIG_BUILD_FINDFS 1
| #define TLS __thread
| #define HAVE_PTHREAD_PRIO_INHERIT 1
| #define HAVE_PTHREAD 1
| #define USE_UUIDD 1
| #define CONFIG_MMP 1
| #define ENABLE_BMAP_STATS 1
| #define PACKAGE "e2fsprogs"
| #define VERSION "0.14.1"
| #define HAVE_DIRENT_H 1
| #define HAVE_ERRNO_H 1
| #define HAVE_EXECINFO_H 1
| #define HAVE_GETOPT_H 1
| #define HAVE_MALLOC_H 1
| #define HAVE_MNTENT_H 1
| #define HAVE_PATHS_H 1
| #define HAVE_PTHREAD_H 1
| #define HAVE_SEMAPHORE_H 1
| #define HAVE_SETJMP_H 1
| #define HAVE_SIGNAL_H 1
| #define HAVE_STDARG_H 1
| #define HAVE_STDINT_H 1
| #define HAVE_STDLIB_H 1
| #define HAVE_TERMIOS_H 1
| #define HAVE_TERMIO_H 1
| #define HAVE_UNISTD_H 1
| #define HAVE_UTIME_H 1
| #define HAVE_LINUX_FALLOC_H 1
| #define HAVE_LINUX_FD_H 1
| #define HAVE_LINUX_FSMAP_H 1
| #define HAVE_LINUX_FSVERITY_H 1
| #define HAVE_LINUX_MAJOR_H 1
| #define HAVE_LINUX_LOOP_H 1
| #define HAVE_LINUX_TYPES_H 1
| #define HAVE_NETINET_IN_H 1
| #define HAVE_SYS_FILE_H 1
| #define HAVE_SYS_IOCTL_H 1
| #define HAVE_SYS_MMAN_H 1
| #define HAVE_SYS_MOUNT_H 1
| #define HAVE_SYS_PRCTL_H 1
| #define HAVE_SYS_RANDOM_H 1
| #define HAVE_SYS_RESOURCE_H 1
| #define HAVE_SYS_SELECT_H 1
| #define HAVE_SYS_SOCKET_H 1
| #define HAVE_SYS_STAT_H 1
| #define HAVE_SYS_SYSCALL_H 1
| #define HAVE_SYS_SYSMACROS_H 1
| #define HAVE_SYS_TIME_H 1
| #define HAVE_SYS_TYPES_H 1
| #define HAVE_SYS_UN_H 1
| #define HAVE_SYS_WAIT_H 1
| #define HAVE_SYS_XATTR_H 1
| #define HAVE_NET_IF_H 1
| #define HAVE_VPRINTF 1
| #define HAVE_RECLEN_DIRENT 1
| #define HAVE_STRUCT_STAT_ST_ATIM 1
| #define HAVE_TYPE_SSIZE_T 1
| /* end confdefs.h.  */
| #include <unistd.h>
| 
| int
| main (void)
| {
| #ifndef llseek
| #ifdef __cplusplus
|   (void) llseek;
| #else
|   (void) llseek;
| #endif
| #endif
| 
|   ;
|   return 0;
| }
configure:12346: result: no
configure:12354: checking whether lseek64 is declared
configure:12354: gcc -c -g -O2   conftest.c >&5
configure:12354: $? = 0
configure:12354: result: yes
configure:12365: checking whether fsmap_sizeof is declared
configure:12365: gcc -c -g -O2   conftest.c >&5
configure:12365: $? = 0
configure:12365: result: yes
configure:12381: checking for special C compiler options needed for large files
configure:12429: result: no
configure:12435: checking for _FILE_OFFSET_BITS value needed for large files
configure:12461: gcc -c -g -O2  conftest.c >&5
configure:12461: $? = 0
configure:12495: result: no
configure:12581: checking size of short
configure:12587: gcc -o conftest -g -O2   conftest.c  >&5
configure:12587: $? = 0
configure:12587: ./conftest
configure:12587: $? = 0
configure:12602: result: 2
configure:12614: checking size of int
configure:12620: gcc -o conftest -g -O2   conftest.c  >&5
configure:12620: $? = 0
configure:12620: ./conftest
configure:12620: $? = 0
configure:12635: result: 4
configure:12647: checking size of long
configure:12653: gcc -o conftest -g -O2   conftest.c  >&5
configure:12653: $? = 0
configure:12653: ./conftest
configure:12653: $? = 0
configure:12668: result: 8
configure:12680: checking size of long long
configure:12686: gcc -o conftest -g -O2   conftest.c  >&5
configure:12686: $? = 0
configure:12686: ./conftest
configure:12686: $? = 0
configure:12701: result: 8
configure:12713: checking size of off_t
configure:12719: gcc -o conftest -g -O2   conftest.c  >&5
configure:12719: $? = 0
configure:12719: ./conftest
configure:12719: $? = 0
configure:12734: result: 8
configure:12746: checking size of time_t
configure:12752: gcc -o conftest -g -O2   conftest.c  >&5
configure:12752: $? = 0
configure:12752: ./conftest
configure:12752: $? = 0
configure:12767: result: 8
configure:12779: checking size of void *
configure:12785: gcc -o conftest -g -O2   conftest.c  >&5
configure:12785: $? = 0
configure:12785: ./conftest
configure:12785: $? = 0
configure:12800: result: 8
configure:12820: checking whether byte ordering is bigendian
configure:12836: gcc -c -g -O2  conftest.c >&5
conftest.c:104:16: error: unknown type name 'not'
  104 |                not a universal capable compiler
      |                ^~~
conftest.c:104:22: error: expected '=', ',', ';', 'asm' or '__attribute__' before 'universal'
  104 |                not a universal capable compiler
      |                      ^~~~~~~~~
conftest.c:104:22: error: unknown type name 'universal'
configure:12836: $? = 1
configure: failed program was:
| /* confdefs.h */
| #define PACKAGE_NAME ""
| #define PACKAGE_TARNAME ""
| #define PACKAGE_VERSION ""
| #define PACKAGE_STRING ""
| #define PACKAGE_BUGREPORT ""
| #define PACKAGE_URL ""
| #define HAVE_STDIO_H 1
| #define HAVE_STDLIB_H 1
| #define HAVE_STRING_H 1
| #define HAVE_INTTYPES_H 1
| #define HAVE_STDINT_H 1
| #define HAVE_STRINGS_H 1
| #define HAVE_SYS_STAT_H 1
| #define HAVE_SYS_TYPES_H 1
| #define HAVE_UNISTD_H 1
| #define HAVE_WCHAR_H 1
| #define STDC_HEADERS 1
| #define _ALL_SOURCE 1
| #define _DARWIN_C_SOURCE 1
| #define _GNU_SOURCE 1
| #define _HPUX_ALT_XOPEN_SOCKET_API 1
| #define _NETBSD_SOURCE 1
| #define _OPENBSD_SOURCE 1
| #define _POSIX_PTHREAD_SEMANTICS 1
| #define __STDC_WANT_IEC_60559_ATTRIBS_EXT__ 1
| #define __STDC_WANT_IEC_60559_BFP_EXT__ 1
| #define __STDC_WANT_IEC_60559_DFP_EXT__ 1
| #define __STDC_WANT_IEC_60559_FUNCS_EXT__ 1
| #define __STDC_WANT_IEC_60559_TYPES_EXT__ 1
| #define __STDC_WANT_LIB_EXT2__ 1
| #define __STDC_WANT_MATH_SPEC_FUNCS__ 1
| #define _TANDEM_SOURCE 1
| #define __EXTENSIONS__ 1
| #define CONFIG_TESTIO_DEBUG 1
| #define CONFIG_BUILD_FINDFS 1
| #define TLS __thread
| #define HAVE_PTHREAD_PRIO_INHERIT 1
| #define HAVE_PTHREAD 1
| #define USE_UUIDD 1
| #define CONFIG_MMP 1
| #define ENABLE_BMAP_STATS 1
| #define PACKAGE "e2fsprogs"
| #define VERSION "0.14.1"
| #define HAVE_DIRENT_H 1
| #define HAVE_ERRNO_H 1
| #define HAVE_EXECINFO_H 1
| #define HAVE_GETOPT_H 1
| #define HAVE_MALLOC_H 1
| #define HAVE_MNTENT_H 1
| #define HAVE_PATHS_H 1
| #define HAVE_PTHREAD_H 1
| #define HAVE_SEMAPHORE_H 1
| #define HAVE_SETJMP_H 1
| #define HAVE_SIGNAL_H 1
| #define HAVE_STDARG_H 1
| #define HAVE_STDINT_H 1
| #define HAVE_STDLIB_H 1
| #define HAVE_TERMIOS_H 1
| #define HAVE_TERMIO_H 1
| #define HAVE_UNISTD_H 1
| #define HAVE_UTIME_H 1
| #define HAVE_LINUX_FALLOC_H 1
| #define HAVE_LINUX_FD_H 1
| #define HAVE_LINUX_FSMAP_H 1
| #define HAVE_LINUX_FSVERITY_H 1
| #define HAVE_LINUX_MAJOR_H 1
| #define HAVE_LINUX_LOOP_H 1
| #define HAVE_LINUX_TYPES_H 1
| #define HAVE_NETINET_IN_H 1
| #define HAVE_SYS_FILE_H 1
| #define HAVE_SYS_IOCTL_H 1
| #define HAVE_SYS_MMAN_H 1
| #define HAVE_SYS_MOUNT_H 1
| #define HAVE_SYS_PRCTL_H 1
| #define HAVE_SYS_RANDOM_H 1
| #define HAVE_SYS_RESOURCE_H 1
| #define HAVE_SYS_SELECT_H 1
| #define HAVE_SYS_SOCKET_H 1
| #define HAVE_SYS_STAT_H 1
| #define HAVE_SYS_SYSCALL_H 1
| #define HAVE_SYS_SYSMACROS_H 1
| #define HAVE_SYS_TIME_H 1
| #define HAVE_SYS_TYPES_H 1
| #define HAVE_SYS_UN_H 1
| #define HAVE_SYS_WAIT_H 1
| #define HAVE_SYS_XATTR_H 1
| #define HAVE_NET_IF_H 1
| #define HAVE_VPRINTF 1
| #define HAVE_RECLEN_DIRENT 1
| #define HAVE_STRUCT_STAT_ST_ATIM 1
| #define HAVE_TYPE_SSIZE_T 1
| #define HAVE_LSEEK64_PROTOTYPE 1
| #define HAVE_FSMAP_SIZEOF 1
| #define SIZEOF_SHORT 2
| #define SIZEOF_INT 4
| #define SIZEOF_LONG 8
| #define SIZEOF_LONG_LONG 8
| #define SIZEOF_OFF_T 8
| #define SIZEOF_TIME_T 8
| #define SIZEOF_VOID_P 8
| /* end confdefs.h.  */
| #ifndef __APPLE_CC__
| 	       not a universal capable compiler
| 	     #endif
| 	     typedef int dummy;
| 
configure:12882: gcc -c -g -O2  conftest.c >&5
configure:12882: $? = 0
configure:12901: gcc -c -g -O2  conftest.c >&5
conftest.c: In function 'main':
conftest.c:110:18: error: unknown type name 'not'; did you mean 'ino_t'?
  110 |                  not big endian
      |                  ^~~
      |                  ino_t
conftest.c:110:26: error: expected '=', ',', ';', 'asm' or '__attribute__' before 'endian'
  110 |                  not big endian
      |                          ^~~~~~
configure:12901: $? = 1
configure: failed program was:
| /* confdefs.h */
| #define PACKAGE_NAME ""
| #define PACKAGE_TARNAME ""
| #define PACKAGE_VERSION ""
| #define PACKAGE_STRING ""
| #define PACKAGE_BUGREPORT ""
| #define PACKAGE_URL ""
| #define HAVE_STDIO_H 1
| #define HAVE_STDLIB_H 1
| #define HAVE_STRING_H 1
| #define HAVE_INTTYPES_H 1
| #define HAVE_STDINT_H 1
| #define HAVE_STRINGS_H 1
| #define HAVE_SYS_STAT_H 1
| #define HAVE_SYS_TYPES_H 1
| #define HAVE_UNISTD_H 1
| #define HAVE_WCHAR_H 1
| #define STDC_HEADERS 1
| #define _ALL_SOURCE 1
| #define _DARWIN_C_SOURCE 1
| #define _GNU_SOURCE 1
| #define _HPUX_ALT_XOPEN_SOCKET_API 1
| #define _NETBSD_SOURCE 1
| #define _OPENBSD_SOURCE 1
| #define _POSIX_PTHREAD_SEMANTICS 1
| #define __STDC_WANT_IEC_60559_ATTRIBS_EXT__ 1
| #define __STDC_WANT_IEC_60559_BFP_EXT__ 1
| #define __STDC_WANT_IEC_60559_DFP_EXT__ 1
| #define __STDC_WANT_IEC_60559_FUNCS_EXT__ 1
| #define __STDC_WANT_IEC_60559_TYPES_EXT__ 1
| #define __STDC_WANT_LIB_EXT2__ 1
| #define __STDC_WANT_MATH_SPEC_FUNCS__ 1
| #define _TANDEM_SOURCE 1
| #define __EXTENSIONS__ 1
| #define CONFIG_TESTIO_DEBUG 1
| #define CONFIG_BUILD_FINDFS 1
| #define TLS __thread
| #define HAVE_PTHREAD_PRIO_INHERIT 1
| #define HAVE_PTHREAD 1
| #define USE_UUIDD 1
| #define CONFIG_MMP 1
| #define ENABLE_BMAP_STATS 1
| #define PACKAGE "e2fsprogs"
| #define VERSION "0.14.1"
| #define HAVE_DIRENT_H 1
| #define HAVE_ERRNO_H 1
| #define HAVE_EXECINFO_H 1
| #define HAVE_GETOPT_H 1
| #define HAVE_MALLOC_H 1
| #define HAVE_MNTENT_H 1
| #define HAVE_PATHS_H 1
| #define HAVE_PTHREAD_H 1
| #define HAVE_SEMAPHORE_H 1
| #define HAVE_SETJMP_H 1
| #define HAVE_SIGNAL_H 1
| #define HAVE_STDARG_H 1
| #define HAVE_STDINT_H 1
| #define HAVE_STDLIB_H 1
| #define HAVE_TERMIOS_H 1
| #define HAVE_TERMIO_H 1
| #define HAVE_UNISTD_H 1
| #define HAVE_UTIME_H 1
| #define HAVE_LINUX_FALLOC_H 1
| #define HAVE_LINUX_FD_H 1
| #define HAVE_LINUX_FSMAP_H 1
| #define HAVE_LINUX_FSVERITY_H 1
| #define HAVE_LINUX_MAJOR_H 1
| #define HAVE_LINUX_LOOP_H 1
| #define HAVE_LINUX_TYPES_H 1
| #define HAVE_NETINET_IN_H 1
| #define HAVE_SYS_FILE_H 1
| #define HAVE_SYS_IOCTL_H 1
| #define HAVE_SYS_MMAN_H 1
| #define HAVE_SYS_MOUNT_H 1
| #define HAVE_SYS_PRCTL_H 1
| #define HAVE_SYS_RANDOM_H 1
| #define HAVE_SYS_RESOURCE_H 1
| #define HAVE_SYS_SELECT_H 1
| #define HAVE_SYS_SOCKET_H 1
| #define HAVE_SYS_STAT_H 1
| #define HAVE_SYS_SYSCALL_H 1
| #define HAVE_SYS_SYSMACROS_H 1
| #define HAVE_SYS_TIME_H 1
| #define HAVE_SYS_TYPES_H 1
| #define HAVE_SYS_UN_H 1
| #define HAVE_SYS_WAIT_H 1
| #define HAVE_SYS_XATTR_H 1
| #define HAVE_NET_IF_H 1
| #define HAVE_VPRINTF 1
| #define HAVE_RECLEN_DIRENT 1
| #define HAVE_STRUCT_STAT_ST_ATIM 1
| #define HAVE_TYPE_SSIZE_T 1
| #define HAVE_LSEEK64_PROTOTYPE 1
| #define HAVE_FSMAP_SIZEOF 1
| #define SIZEOF_SHORT 2
| #define SIZEOF_INT 4
| #define SIZEOF_LONG 8
| #define SIZEOF_LONG_LONG 8
| #define SIZEOF_OFF_T 8
| #define SIZEOF_TIME_T 8
| #define SIZEOF_VOID_P 8
| /* end confdefs.h.  */
| #include <sys/types.h>
| 		#include <sys/param.h>
| 
| int
| main (void)
| {
| #if BYTE_ORDER != BIG_ENDIAN
| 		 not big endian
| 		#endif
| 
|   ;
|   return 0;
| }
configure:13035: result: no
configure:13080: checking for inttypes.h
configure:13080: result: yes
configure:13087: checking for intptr_t
configure:13087: gcc -c -g -O2  conftest.c >&5
configure:13087: $? = 0
configure:13087: gcc -c -g -O2  conftest.c >&5
conftest.c: In function 'main':
conftest.c:135:23: error: expected expression before ')' token
  135 | if (sizeof ((intptr_t)))
      |                       ^
configure:13087: $? = 1
configure: failed program was:
| /* confdefs.h */
| #define PACKAGE_NAME ""
| #define PACKAGE_TARNAME ""
| #define PACKAGE_VERSION ""
| #define PACKAGE_STRING ""
| #define PACKAGE_BUGREPORT ""
| #define PACKAGE_URL ""
| #define HAVE_STDIO_H 1
| #define HAVE_STDLIB_H 1
| #define HAVE_STRING_H 1
| #define HAVE_INTTYPES_H 1
| #define HAVE_STDINT_H 1
| #define HAVE_STRINGS_H 1
| #define HAVE_SYS_STAT_H 1
| #define HAVE_SYS_TYPES_H 1
| #define HAVE_UNISTD_H 1
| #define HAVE_WCHAR_H 1
| #define STDC_HEADERS 1
| #define _ALL_SOURCE 1
| #define _DARWIN_C_SOURCE 1
| #define _GNU_SOURCE 1
| #define _HPUX_ALT_XOPEN_SOCKET_API 1
| #define _NETBSD_SOURCE 1
| #define _OPENBSD_SOURCE 1
| #define _POSIX_PTHREAD_SEMANTICS 1
| #define __STDC_WANT_IEC_60559_ATTRIBS_EXT__ 1
| #define __STDC_WANT_IEC_60559_BFP_EXT__ 1
| #define __STDC_WANT_IEC_60559_DFP_EXT__ 1
| #define __STDC_WANT_IEC_60559_FUNCS_EXT__ 1
| #define __STDC_WANT_IEC_60559_TYPES_EXT__ 1
| #define __STDC_WANT_LIB_EXT2__ 1
| #define __STDC_WANT_MATH_SPEC_FUNCS__ 1
| #define _TANDEM_SOURCE 1
| #define __EXTENSIONS__ 1
| #define CONFIG_TESTIO_DEBUG 1
| #define CONFIG_BUILD_FINDFS 1
| #define TLS __thread
| #define HAVE_PTHREAD_PRIO_INHERIT 1
| #define HAVE_PTHREAD 1
| #define USE_UUIDD 1
| #define CONFIG_MMP 1
| #define ENABLE_BMAP_STATS 1
| #define PACKAGE "e2fsprogs"
| #define VERSION "0.14.1"
| #define HAVE_DIRENT_H 1
| #define HAVE_ERRNO_H 1
| #define HAVE_EXECINFO_H 1
| #define HAVE_GETOPT_H 1
| #define HAVE_MALLOC_H 1
| #define HAVE_MNTENT_H 1
| #define HAVE_PATHS_H 1
| #define HAVE_PTHREAD_H 1
| #define HAVE_SEMAPHORE_H 1
| #define HAVE_SETJMP_H 1
| #define HAVE_SIGNAL_H 1
| #define HAVE_STDARG_H 1
| #define HAVE_STDINT_H 1
| #define HAVE_STDLIB_H 1
| #define HAVE_TERMIOS_H 1
| #define HAVE_TERMIO_H 1
| #define HAVE_UNISTD_H 1
| #define HAVE_UTIME_H 1
| #define HAVE_LINUX_FALLOC_H 1
| #define HAVE_LINUX_FD_H 1
| #define HAVE_LINUX_FSMAP_H 1
| #define HAVE_LINUX_FSVERITY_H 1
| #define HAVE_LINUX_MAJOR_H 1
| #define HAVE_LINUX_LOOP_H 1
| #define HAVE_LINUX_TYPES_H 1
| #define HAVE_NETINET_IN_H 1
| #define HAVE_SYS_FILE_H 1
| #define HAVE_SYS_IOCTL_H 1
| #define HAVE_SYS_MMAN_H 1
| #define HAVE_SYS_MOUNT_H 1
| #define HAVE_SYS_PRCTL_H 1
| #define HAVE_SYS_RANDOM_H 1
| #define HAVE_SYS_RESOURCE_H 1
| #define HAVE_SYS_SELECT_H 1
| #define HAVE_SYS_SOCKET_H 1
| #define HAVE_SYS_STAT_H 1
| #define HAVE_SYS_SYSCALL_H 1
| #define HAVE_SYS_SYSMACROS_H 1
| #define HAVE_SYS_TIME_H 1
| #define HAVE_SYS_TYPES_H 1
| #define HAVE_SYS_UN_H 1
| #define HAVE_SYS_WAIT_H 1
| #define HAVE_SYS_XATTR_H 1
| #define HAVE_NET_IF_H 1
| #define HAVE_VPRINTF 1
| #define HAVE_RECLEN_DIRENT 1
| #define HAVE_STRUCT_STAT_ST_ATIM 1
| #define HAVE_TYPE_SSIZE_T 1
| #define HAVE_LSEEK64_PROTOTYPE 1
| #define HAVE_FSMAP_SIZEOF 1
| #define SIZEOF_SHORT 2
| #define SIZEOF_INT 4
| #define SIZEOF_LONG 8
| #define SIZEOF_LONG_LONG 8
| #define SIZEOF_OFF_T 8
| #define SIZEOF_TIME_T 8
| #define SIZEOF_VOID_P 8
| #define HAVE_INTTYPES_H 1
| /* end confdefs.h.  */
| #include <stddef.h>
| #ifdef HAVE_STDIO_H
| # include <stdio.h>
| #endif
| #ifdef HAVE_STDLIB_H
| # include <stdlib.h>
| #endif
| #ifdef HAVE_STRING_H
| # include <string.h>
| #endif
| #ifdef HAVE_INTTYPES_H
| # include <inttypes.h>
| #endif
| #ifdef HAVE_STDINT_H
| # include <stdint.h>
| #endif
| #ifdef HAVE_STRINGS_H
| # include <strings.h>
| #endif
| #ifdef HAVE_SYS_TYPES_H
| # include <sys/types.h>
| #endif
| #ifdef HAVE_SYS_STAT_H
| # include <sys/stat.h>
| #endif
| #ifdef HAVE_UNISTD_H
| # include <unistd.h>
| #endif
| int
| main (void)
| {
| if (sizeof ((intptr_t)))
| 	    return 0;
|   ;
|   return 0;
| }
configure:13087: result: yes
configure:13096: checking whether struct stat has a st_flags field
configure:13113: gcc -c -g -O2  conftest.c >&5
conftest.c: In function 'main':
conftest.c:109:23: error: 'struct stat' has no member named 'st_flags'
  109 | struct stat stat; stat.st_flags = 0;
      |                       ^
configure:13113: $? = 1
configure: failed program was:
| /* confdefs.h */
| #define PACKAGE_NAME ""
| #define PACKAGE_TARNAME ""
| #define PACKAGE_VERSION ""
| #define PACKAGE_STRING ""
| #define PACKAGE_BUGREPORT ""
| #define PACKAGE_URL ""
| #define HAVE_STDIO_H 1
| #define HAVE_STDLIB_H 1
| #define HAVE_STRING_H 1
| #define HAVE_INTTYPES_H 1
| #define HAVE_STDINT_H 1
| #define HAVE_STRINGS_H 1
| #define HAVE_SYS_STAT_H 1
| #define HAVE_SYS_TYPES_H 1
| #define HAVE_UNISTD_H 1
| #define HAVE_WCHAR_H 1
| #define STDC_HEADERS 1
| #define _ALL_SOURCE 1
| #define _DARWIN_C_SOURCE 1
| #define _GNU_SOURCE 1
| #define _HPUX_ALT_XOPEN_SOCKET_API 1
| #define _NETBSD_SOURCE 1
| #define _OPENBSD_SOURCE 1
| #define _POSIX_PTHREAD_SEMANTICS 1
| #define __STDC_WANT_IEC_60559_ATTRIBS_EXT__ 1
| #define __STDC_WANT_IEC_60559_BFP_EXT__ 1
| #define __STDC_WANT_IEC_60559_DFP_EXT__ 1
| #define __STDC_WANT_IEC_60559_FUNCS_EXT__ 1
| #define __STDC_WANT_IEC_60559_TYPES_EXT__ 1
| #define __STDC_WANT_LIB_EXT2__ 1
| #define __STDC_WANT_MATH_SPEC_FUNCS__ 1
| #define _TANDEM_SOURCE 1
| #define __EXTENSIONS__ 1
| #define CONFIG_TESTIO_DEBUG 1
| #define CONFIG_BUILD_FINDFS 1
| #define TLS __thread
| #define HAVE_PTHREAD_PRIO_INHERIT 1
| #define HAVE_PTHREAD 1
| #define USE_UUIDD 1
| #define CONFIG_MMP 1
| #define ENABLE_BMAP_STATS 1
| #define PACKAGE "e2fsprogs"
| #define VERSION "0.14.1"
| #define HAVE_DIRENT_H 1
| #define HAVE_ERRNO_H 1
| #define HAVE_EXECINFO_H 1
| #define HAVE_GETOPT_H 1
| #define HAVE_MALLOC_H 1
| #define HAVE_MNTENT_H 1
| #define HAVE_PATHS_H 1
| #define HAVE_PTHREAD_H 1
| #define HAVE_SEMAPHORE_H 1
| #define HAVE_SETJMP_H 1
| #define HAVE_SIGNAL_H 1
| #define HAVE_STDARG_H 1
| #define HAVE_STDINT_H 1
| #define HAVE_STDLIB_H 1
| #define HAVE_TERMIOS_H 1
| #define HAVE_TERMIO_H 1
| #define HAVE_UNISTD_H 1
| #define HAVE_UTIME_H 1
| #define HAVE_LINUX_FALLOC_H 1
| #define HAVE_LINUX_FD_H 1
| #define HAVE_LINUX_FSMAP_H 1
| #define HAVE_LINUX_FSVERITY_H 1
| #define HAVE_LINUX_MAJOR_H 1
| #define HAVE_LINUX_LOOP_H 1
| #define HAVE_LINUX_TYPES_H 1
| #define HAVE_NETINET_IN_H 1
| #define HAVE_SYS_FILE_H 1
| #define HAVE_SYS_IOCTL_H 1
| #define HAVE_SYS_MMAN_H 1
| #define HAVE_SYS_MOUNT_H 1
| #define HAVE_SYS_PRCTL_H 1
| #define HAVE_SYS_RANDOM_H 1
| #define HAVE_SYS_RESOURCE_H 1
| #define HAVE_SYS_SELECT_H 1
| #define HAVE_SYS_SOCKET_H 1
| #define HAVE_SYS_STAT_H 1
| #define HAVE_SYS_SYSCALL_H 1
| #define HAVE_SYS_SYSMACROS_H 1
| #define HAVE_SYS_TIME_H 1
| #define HAVE_SYS_TYPES_H 1
| #define HAVE_SYS_UN_H 1
| #define HAVE_SYS_WAIT_H 1
| #define HAVE_SYS_XATTR_H 1
| #define HAVE_NET_IF_H 1
| #define HAVE_VPRINTF 1
| #define HAVE_RECLEN_DIRENT 1
| #define HAVE_STRUCT_STAT_ST_ATIM 1
| #define HAVE_TYPE_SSIZE_T 1
| #define HAVE_LSEEK64_PROTOTYPE 1
| #define HAVE_FSMAP_SIZEOF 1
| #define SIZEOF_SHORT 2
| #define SIZEOF_INT 4
| #define SIZEOF_LONG 8
| #define SIZEOF_LONG_LONG 8
| #define SIZEOF_OFF_T 8
| #define SIZEOF_TIME_T 8
| #define SIZEOF_VOID_P 8
| #define HAVE_INTTYPES_H 1
| #define HAVE_INTPTR_T 1
| /* end confdefs.h.  */
| #include <sys/stat.h>
| int
| main (void)
| {
| struct stat stat; stat.st_flags = 0;
|   ;
|   return 0;
| }
configure:13122: result: no
configure:13159: checking for struct sockaddr.sa_len
configure:13159: gcc -c -g -O2  conftest.c >&5
conftest.c: In function 'main':
conftest.c:112:12: error: 'struct sockaddr' has no member named 'sa_len'
  112 | if (ac_aggr.sa_len)
      |            ^
configure:13159: $? = 1
configure: failed program was:
| /* confdefs.h */
| #define PACKAGE_NAME ""
| #define PACKAGE_TARNAME ""
| #define PACKAGE_VERSION ""
| #define PACKAGE_STRING ""
| #define PACKAGE_BUGREPORT ""
| #define PACKAGE_URL ""
| #define HAVE_STDIO_H 1
| #define HAVE_STDLIB_H 1
| #define HAVE_STRING_H 1
| #define HAVE_INTTYPES_H 1
| #define HAVE_STDINT_H 1
| #define HAVE_STRINGS_H 1
| #define HAVE_SYS_STAT_H 1
| #define HAVE_SYS_TYPES_H 1
| #define HAVE_UNISTD_H 1
| #define HAVE_WCHAR_H 1
| #define STDC_HEADERS 1
| #define _ALL_SOURCE 1
| #define _DARWIN_C_SOURCE 1
| #define _GNU_SOURCE 1
| #define _HPUX_ALT_XOPEN_SOCKET_API 1
| #define _NETBSD_SOURCE 1
| #define _OPENBSD_SOURCE 1
| #define _POSIX_PTHREAD_SEMANTICS 1
| #define __STDC_WANT_IEC_60559_ATTRIBS_EXT__ 1
| #define __STDC_WANT_IEC_60559_BFP_EXT__ 1
| #define __STDC_WANT_IEC_60559_DFP_EXT__ 1
| #define __STDC_WANT_IEC_60559_FUNCS_EXT__ 1
| #define __STDC_WANT_IEC_60559_TYPES_EXT__ 1
| #define __STDC_WANT_LIB_EXT2__ 1
| #define __STDC_WANT_MATH_SPEC_FUNCS__ 1
| #define _TANDEM_SOURCE 1
| #define __EXTENSIONS__ 1
| #define CONFIG_TESTIO_DEBUG 1
| #define CONFIG_BUILD_FINDFS 1
| #define TLS __thread
| #define HAVE_PTHREAD_PRIO_INHERIT 1
| #define HAVE_PTHREAD 1
| #define USE_UUIDD 1
| #define CONFIG_MMP 1
| #define ENABLE_BMAP_STATS 1
| #define PACKAGE "e2fsprogs"
| #define VERSION "0.14.1"
| #define HAVE_DIRENT_H 1
| #define HAVE_ERRNO_H 1
| #define HAVE_EXECINFO_H 1
| #define HAVE_GETOPT_H 1
| #define HAVE_MALLOC_H 1
| #define HAVE_MNTENT_H 1
| #define HAVE_PATHS_H 1
| #define HAVE_PTHREAD_H 1
| #define HAVE_SEMAPHORE_H 1
| #define HAVE_SETJMP_H 1
| #define HAVE_SIGNAL_H 1
| #define HAVE_STDARG_H 1
| #define HAVE_STDINT_H 1
| #define HAVE_STDLIB_H 1
| #define HAVE_TERMIOS_H 1
| #define HAVE_TERMIO_H 1
| #define HAVE_UNISTD_H 1
| #define HAVE_UTIME_H 1
| #define HAVE_LINUX_FALLOC_H 1
| #define HAVE_LINUX_FD_H 1
| #define HAVE_LINUX_FSMAP_H 1
| #define HAVE_LINUX_FSVERITY_H 1
| #define HAVE_LINUX_MAJOR_H 1
| #define HAVE_LINUX_LOOP_H 1
| #define HAVE_LINUX_TYPES_H 1
| #define HAVE_NETINET_IN_H 1
| #define HAVE_SYS_FILE_H 1
| #define HAVE_SYS_IOCTL_H 1
| #define HAVE_SYS_MMAN_H 1
| #define HAVE_SYS_MOUNT_H 1
| #define HAVE_SYS_PRCTL_H 1
| #define HAVE_SYS_RANDOM_H 1
| #define HAVE_SYS_RESOURCE_H 1
| #define HAVE_SYS_SELECT_H 1
| #define HAVE_SYS_SOCKET_H 1
| #define HAVE_SYS_STAT_H 1
| #define HAVE_SYS_SYSCALL_H 1
| #define HAVE_SYS_SYSMACROS_H 1
| #define HAVE_SYS_TIME_H 1
| #define HAVE_SYS_TYPES_H 1
| #define HAVE_SYS_UN_H 1
| #define HAVE_SYS_WAIT_H 1
| #define HAVE_SYS_XATTR_H 1
| #define HAVE_NET_IF_H 1
| #define HAVE_VPRINTF 1
| #define HAVE_RECLEN_DIRENT 1
| #define HAVE_STRUCT_STAT_ST_ATIM 1
| #define HAVE_TYPE_SSIZE_T 1
| #define HAVE_LSEEK64_PROTOTYPE 1
| #define HAVE_FSMAP_SIZEOF 1
| #define SIZEOF_SHORT 2
| #define SIZEOF_INT 4
| #define SIZEOF_LONG 8
| #define SIZEOF_LONG_LONG 8
| #define SIZEOF_OFF_T 8
| #define SIZEOF_TIME_T 8
| #define SIZEOF_VOID_P 8
| #define HAVE_INTTYPES_H 1
| #define HAVE_INTPTR_T 1
| /* end confdefs.h.  */
| #include <sys/types.h>
| 	 #include <sys/socket.h>
| 
| int
| main (void)
| {
| static struct sockaddr ac_aggr;
| if (ac_aggr.sa_len)
| return 0;
|   ;
|   return 0;
| }
configure:13159: gcc -c -g -O2  conftest.c >&5
conftest.c: In function 'main':
conftest.c:112:19: error: 'struct sockaddr' has no member named 'sa_len'
  112 | if (sizeof ac_aggr.sa_len)
      |                   ^
configure:13159: $? = 1
configure: failed program was:
| /* confdefs.h */
| #define PACKAGE_NAME ""
| #define PACKAGE_TARNAME ""
| #define PACKAGE_VERSION ""
| #define PACKAGE_STRING ""
| #define PACKAGE_BUGREPORT ""
| #define PACKAGE_URL ""
| #define HAVE_STDIO_H 1
| #define HAVE_STDLIB_H 1
| #define HAVE_STRING_H 1
| #define HAVE_INTTYPES_H 1
| #define HAVE_STDINT_H 1
| #define HAVE_STRINGS_H 1
| #define HAVE_SYS_STAT_H 1
| #define HAVE_SYS_TYPES_H 1
| #define HAVE_UNISTD_H 1
| #define HAVE_WCHAR_H 1
| #define STDC_HEADERS 1
| #define _ALL_SOURCE 1
| #define _DARWIN_C_SOURCE 1
| #define _GNU_SOURCE 1
| #define _HPUX_ALT_XOPEN_SOCKET_API 1
| #define _NETBSD_SOURCE 1
| #define _OPENBSD_SOURCE 1
| #define _POSIX_PTHREAD_SEMANTICS 1
| #define __STDC_WANT_IEC_60559_ATTRIBS_EXT__ 1
| #define __STDC_WANT_IEC_60559_BFP_EXT__ 1
| #define __STDC_WANT_IEC_60559_DFP_EXT__ 1
| #define __STDC_WANT_IEC_60559_FUNCS_EXT__ 1
| #define __STDC_WANT_IEC_60559_TYPES_EXT__ 1
| #define __STDC_WANT_LIB_EXT2__ 1
| #define __STDC_WANT_MATH_SPEC_FUNCS__ 1
| #define _TANDEM_SOURCE 1
| #define __EXTENSIONS__ 1
| #define CONFIG_TESTIO_DEBUG 1
| #define CONFIG_BUILD_FINDFS 1
| #define TLS __thread
| #define HAVE_PTHREAD_PRIO_INHERIT 1
| #define HAVE_PTHREAD 1
| #define USE_UUIDD 1
| #define CONFIG_MMP 1
| #define ENABLE_BMAP_STATS 1
| #define PACKAGE "e2fsprogs"
| #define VERSION "0.14.1"
| #define HAVE_DIRENT_H 1
| #define HAVE_ERRNO_H 1
| #define HAVE_EXECINFO_H 1
| #define HAVE_GETOPT_H 1
| #define HAVE_MALLOC_H 1
| #define HAVE_MNTENT_H 1
| #define HAVE_PATHS_H 1
| #define HAVE_PTHREAD_H 1
| #define HAVE_SEMAPHORE_H 1
| #define HAVE_SETJMP_H 1
| #define HAVE_SIGNAL_H 1
| #define HAVE_STDARG_H 1
| #define HAVE_STDINT_H 1
| #define HAVE_STDLIB_H 1
| #define HAVE_TERMIOS_H 1
| #define HAVE_TERMIO_H 1
| #define HAVE_UNISTD_H 1
| #define HAVE_UTIME_H 1
| #define HAVE_LINUX_FALLOC_H 1
| #define HAVE_LINUX_FD_H 1
| #define HAVE_LINUX_FSMAP_H 1
| #define HAVE_LINUX_FSVERITY_H 1
| #define HAVE_LINUX_MAJOR_H 1
| #define HAVE_LINUX_LOOP_H 1
| #define HAVE_LINUX_TYPES_H 1
| #define HAVE_NETINET_IN_H 1
| #define HAVE_SYS_FILE_H 1
| #define HAVE_SYS_IOCTL_H 1
| #define HAVE_SYS_MMAN_H 1
| #define HAVE_SYS_MOUNT_H 1
| #define HAVE_SYS_PRCTL_H 1
| #define HAVE_SYS_RANDOM_H 1
| #define HAVE_SYS_RESOURCE_H 1
| #define HAVE_SYS_SELECT_H 1
| #define HAVE_SYS_SOCKET_H 1
| #define HAVE_SYS_STAT_H 1
| #define HAVE_SYS_SYSCALL_H 1
| #define HAVE_SYS_SYSMACROS_H 1
| #define HAVE_SYS_TIME_H 1
| #define HAVE_SYS_TYPES_H 1
| #define HAVE_SYS_UN_H 1
| #define HAVE_SYS_WAIT_H 1
| #define HAVE_SYS_XATTR_H 1
| #define HAVE_NET_IF_H 1
| #define HAVE_VPRINTF 1
| #define HAVE_RECLEN_DIRENT 1
| #define HAVE_STRUCT_STAT_ST_ATIM 1
| #define HAVE_TYPE_SSIZE_T 1
| #define HAVE_LSEEK64_PROTOTYPE 1
| #define HAVE_FSMAP_SIZEOF 1
| #define SIZEOF_SHORT 2
| #define SIZEOF_INT 4
| #define SIZEOF_LONG 8
| #define SIZEOF_LONG_LONG 8
| #define SIZEOF_OFF_T 8
| #define SIZEOF_TIME_T 8
| #define SIZEOF_VOID_P 8
| #define HAVE_INTTYPES_H 1
| #define HAVE_INTPTR_T 1
| /* end confdefs.h.  */
| #include <sys/types.h>
| 	 #include <sys/socket.h>
| 
| int
| main (void)
| {
| static struct sockaddr ac_aggr;
| if (sizeof ac_aggr.sa_len)
| return 0;
|   ;
|   return 0;
| }
configure:13159: result: no
configure:13300: checking for __secure_getenv
configure:13300: gcc -o conftest -g -O2   conftest.c  >&5
/usr/bin/ld: /tmp/ccX9XTAJ.o: in function `main':
/home/runner/work/govm/govm/boxlite-src/target/x86_64-unknown-linux-gnu/release/build/e2fsprogs-sys-da0015b43ed4b0fc/out/e2fsprogs-build/conftest.c:132:(.text.startup+0xb): undefined reference to `__secure_getenv'
collect2: error: ld returned 1 exit status
configure:13300: $? = 1
configure: failed program was:
| /* confdefs.h */
| #define PACKAGE_NAME ""
| #define PACKAGE_TARNAME ""
| #define PACKAGE_VERSION ""
| #define PACKAGE_STRING ""
| #define PACKAGE_BUGREPORT ""
| #define PACKAGE_URL ""
| #define HAVE_STDIO_H 1
| #define HAVE_STDLIB_H 1
| #define HAVE_STRING_H 1
| #define HAVE_INTTYPES_H 1
| #define HAVE_STDINT_H 1
| #define HAVE_STRINGS_H 1
| #define HAVE_SYS_STAT_H 1
| #define HAVE_SYS_TYPES_H 1
| #define HAVE_UNISTD_H 1
| #define HAVE_WCHAR_H 1
| #define STDC_HEADERS 1
| #define _ALL_SOURCE 1
| #define _DARWIN_C_SOURCE 1
| #define _GNU_SOURCE 1
| #define _HPUX_ALT_XOPEN_SOCKET_API 1
| #define _NETBSD_SOURCE 1
| #define _OPENBSD_SOURCE 1
| #define _POSIX_PTHREAD_SEMANTICS 1
| #define __STDC_WANT_IEC_60559_ATTRIBS_EXT__ 1
| #define __STDC_WANT_IEC_60559_BFP_EXT__ 1
| #define __STDC_WANT_IEC_60559_DFP_EXT__ 1
| #define __STDC_WANT_IEC_60559_FUNCS_EXT__ 1
| #define __STDC_WANT_IEC_60559_TYPES_EXT__ 1
| #define __STDC_WANT_LIB_EXT2__ 1
| #define __STDC_WANT_MATH_SPEC_FUNCS__ 1
| #define _TANDEM_SOURCE 1
| #define __EXTENSIONS__ 1
| #define CONFIG_TESTIO_DEBUG 1
| #define CONFIG_BUILD_FINDFS 1
| #define TLS __thread
| #define HAVE_PTHREAD_PRIO_INHERIT 1
| #define HAVE_PTHREAD 1
| #define USE_UUIDD 1
| #define CONFIG_MMP 1
| #define ENABLE_BMAP_STATS 1
| #define PACKAGE "e2fsprogs"
| #define VERSION "0.14.1"
| #define HAVE_DIRENT_H 1
| #define HAVE_ERRNO_H 1
| #define HAVE_EXECINFO_H 1
| #define HAVE_GETOPT_H 1
| #define HAVE_MALLOC_H 1
| #define HAVE_MNTENT_H 1
| #define HAVE_PATHS_H 1
| #define HAVE_PTHREAD_H 1
| #define HAVE_SEMAPHORE_H 1
| #define HAVE_SETJMP_H 1
| #define HAVE_SIGNAL_H 1
| #define HAVE_STDARG_H 1
| #define HAVE_STDINT_H 1
| #define HAVE_STDLIB_H 1
| #define HAVE_TERMIOS_H 1
| #define HAVE_TERMIO_H 1
| #define HAVE_UNISTD_H 1
| #define HAVE_UTIME_H 1
| #define HAVE_LINUX_FALLOC_H 1
| #define HAVE_LINUX_FD_H 1
| #define HAVE_LINUX_FSMAP_H 1
| #define HAVE_LINUX_FSVERITY_H 1
| #define HAVE_LINUX_MAJOR_H 1
| #define HAVE_LINUX_LOOP_H 1
| #define HAVE_LINUX_TYPES_H 1
| #define HAVE_NETINET_IN_H 1
| #define HAVE_SYS_FILE_H 1
| #define HAVE_SYS_IOCTL_H 1
| #define HAVE_SYS_MMAN_H 1
| #define HAVE_SYS_MOUNT_H 1
| #define HAVE_SYS_PRCTL_H 1
| #define HAVE_SYS_RANDOM_H 1
| #define HAVE_SYS_RESOURCE_H 1
| #define HAVE_SYS_SELECT_H 1
| #define HAVE_SYS_SOCKET_H 1
| #define HAVE_SYS_STAT_H 1
| #define HAVE_SYS_SYSCALL_H 1
| #define HAVE_SYS_SYSMACROS_H 1
| #define HAVE_SYS_TIME_H 1
| #define HAVE_SYS_TYPES_H 1
| #define HAVE_SYS_UN_H 1
| #define HAVE_SYS_WAIT_H 1
| #define HAVE_SYS_XATTR_H 1
| #define HAVE_NET_IF_H 1
| #define HAVE_VPRINTF 1
| #define HAVE_RECLEN_DIRENT 1
| #define HAVE_STRUCT_STAT_ST_ATIM 1
| #define HAVE_TYPE_SSIZE_T 1
| #define HAVE_LSEEK64_PROTOTYPE 1
| #define HAVE_FSMAP_SIZEOF 1
| #define SIZEOF_SHORT 2
| #define SIZEOF_INT 4
| #define SIZEOF_LONG 8
| #define SIZEOF_LONG_LONG 8
| #define SIZEOF_OFF_T 8
| #define SIZEOF_TIME_T 8
| #define SIZEOF_VOID_P 8
| #define HAVE_INTTYPES_H 1
| #define HAVE_INTPTR_T 1
| /* end confdefs.h.  */
| /* Define __secure_getenv to an innocuous variant, in case <limits.h> declares __secure_getenv.
|    For example, HP-UX 11i <limits.h> declares gettimeofday.  */
| #define __secure_getenv innocuous___secure_getenv
| 
| /* System header to define __stub macros and hopefully few prototypes,
|    which can conflict with char __secure_getenv (); below.  */
| 
| #include <limits.h>
| #undef __secure_getenv
| 
| /* Override any GCC internal prototype to avoid an error.
|    Use char because int might match the return type of a GCC
|    builtin and then its argument prototype would still apply.  */
| #ifdef __cplusplus
| extern "C"
| #endif
| char __secure_getenv ();
| /* The GNU C library defines this for functions which it implements
|     to always fail with ENOSYS.  Some functions are actually named
|     something starting with __ and the normal name is an alias.  */
| #if defined __stub___secure_getenv || defined __stub_____secure_getenv
| choke me
| #endif
| 
| int
| main (void)
| {
| return __secure_getenv ();
|   ;
|   return 0;
| }
configure:13300: result: no
configure:13306: checking for add_key
configure:13306: gcc -o conftest -g -O2   conftest.c  >&5
/usr/bin/ld: /tmp/cc07cstf.o: in function `main':
/home/runner/work/govm/govm/boxlite-src/target/x86_64-unknown-linux-gnu/release/build/e2fsprogs-sys-da0015b43ed4b0fc/out/e2fsprogs-build/conftest.c:132:(.text.startup+0xb): undefined reference to `add_key'
collect2: error: ld returned 1 exit status
configure:13306: $? = 1
configure: failed program was:
| /* confdefs.h */
| #define PACKAGE_NAME ""
| #define PACKAGE_TARNAME ""
| #define PACKAGE_VERSION ""
| #define PACKAGE_STRING ""
| #define PACKAGE_BUGREPORT ""
| #define PACKAGE_URL ""
| #define HAVE_STDIO_H 1
| #define HAVE_STDLIB_H 1
| #define HAVE_STRING_H 1
| #define HAVE_INTTYPES_H 1
| #define HAVE_STDINT_H 1
| #define HAVE_STRINGS_H 1
| #define HAVE_SYS_STAT_H 1
| #define HAVE_SYS_TYPES_H 1
| #define HAVE_UNISTD_H 1
| #define HAVE_WCHAR_H 1
| #define STDC_HEADERS 1
| #define _ALL_SOURCE 1
| #define _DARWIN_C_SOURCE 1
| #define _GNU_SOURCE 1
| #define _HPUX_ALT_XOPEN_SOCKET_API 1
| #define _NETBSD_SOURCE 1
| #define _OPENBSD_SOURCE 1
| #define _POSIX_PTHREAD_SEMANTICS 1
| #define __STDC_WANT_IEC_60559_ATTRIBS_EXT__ 1
| #define __STDC_WANT_IEC_60559_BFP_EXT__ 1
| #define __STDC_WANT_IEC_60559_DFP_EXT__ 1
| #define __STDC_WANT_IEC_60559_FUNCS_EXT__ 1
| #define __STDC_WANT_IEC_60559_TYPES_EXT__ 1
| #define __STDC_WANT_LIB_EXT2__ 1
| #define __STDC_WANT_MATH_SPEC_FUNCS__ 1
| #define _TANDEM_SOURCE 1
| #define __EXTENSIONS__ 1
| #define CONFIG_TESTIO_DEBUG 1
| #define CONFIG_BUILD_FINDFS 1
| #define TLS __thread
| #define HAVE_PTHREAD_PRIO_INHERIT 1
| #define HAVE_PTHREAD 1
| #define USE_UUIDD 1
| #define CONFIG_MMP 1
| #define ENABLE_BMAP_STATS 1
| #define PACKAGE "e2fsprogs"
| #define VERSION "0.14.1"
| #define HAVE_DIRENT_H 1
| #define HAVE_ERRNO_H 1
| #define HAVE_EXECINFO_H 1
| #define HAVE_GETOPT_H 1
| #define HAVE_MALLOC_H 1
| #define HAVE_MNTENT_H 1
| #define HAVE_PATHS_H 1
| #define HAVE_PTHREAD_H 1
| #define HAVE_SEMAPHORE_H 1
| #define HAVE_SETJMP_H 1
| #define HAVE_SIGNAL_H 1
| #define HAVE_STDARG_H 1
| #define HAVE_STDINT_H 1
| #define HAVE_STDLIB_H 1
| #define HAVE_TERMIOS_H 1
| #define HAVE_TERMIO_H 1
| #define HAVE_UNISTD_H 1
| #define HAVE_UTIME_H 1
| #define HAVE_LINUX_FALLOC_H 1
| #define HAVE_LINUX_FD_H 1
| #define HAVE_LINUX_FSMAP_H 1
| #define HAVE_LINUX_FSVERITY_H 1
| #define HAVE_LINUX_MAJOR_H 1
| #define HAVE_LINUX_LOOP_H 1
| #define HAVE_LINUX_TYPES_H 1
| #define HAVE_NETINET_IN_H 1
| #define HAVE_SYS_FILE_H 1
| #define HAVE_SYS_IOCTL_H 1
| #define HAVE_SYS_MMAN_H 1
| #define HAVE_SYS_MOUNT_H 1
| #define HAVE_SYS_PRCTL_H 1
| #define HAVE_SYS_RANDOM_H 1
| #define HAVE_SYS_RESOURCE_H 1
| #define HAVE_SYS_SELECT_H 1
| #define HAVE_SYS_SOCKET_H 1
| #define HAVE_SYS_STAT_H 1
| #define HAVE_SYS_SYSCALL_H 1
| #define HAVE_SYS_SYSMACROS_H 1
| #define HAVE_SYS_TIME_H 1
| #define HAVE_SYS_TYPES_H 1
| #define HAVE_SYS_UN_H 1
| #define HAVE_SYS_WAIT_H 1
| #define HAVE_SYS_XATTR_H 1
| #define HAVE_NET_IF_H 1
| #define HAVE_VPRINTF 1
| #define HAVE_RECLEN_DIRENT 1
| #define HAVE_STRUCT_STAT_ST_ATIM 1
| #define HAVE_TYPE_SSIZE_T 1
| #define HAVE_LSEEK64_PROTOTYPE 1
| #define HAVE_FSMAP_SIZEOF 1
| #define SIZEOF_SHORT 2
| #define SIZEOF_INT 4
| #define SIZEOF_LONG 8
| #define SIZEOF_LONG_LONG 8
| #define SIZEOF_OFF_T 8
| #define SIZEOF_TIME_T 8
| #define SIZEOF_VOID_P 8
| #define HAVE_INTTYPES_H 1
| #define HAVE_INTPTR_T 1
| /* end confdefs.h.  */
| /* Define add_key to an innocuous variant, in case <limits.h> declares add_key.
|    For example, HP-UX 11i <limits.h> declares gettimeofday.  */
| #define add_key innocuous_add_key
| 
| /* System header to define __stub macros and hopefully few prototypes,
|    which can conflict with char add_key (); below.  */
| 
| #include <limits.h>
| #undef add_key
| 
| /* Override any GCC internal prototype to avoid an error.
|    Use char because int might match the return type of a GCC
|    builtin and then its argument prototype would still apply.  */
| #ifdef __cplusplus
| extern "C"
| #endif
| char add_key ();
| /* The GNU C library defines this for functions which it implements
|     to always fail with ENOSYS.  Some functions are actually named
|     something starting with __ and the normal name is an alias.  */
| #if defined __stub_add_key || defined __stub___add_key
| choke me
| #endif
| 
| int
| main (void)
| {
| return add_key ();
|   ;
|   return 0;
| }
configure:13306: result: no
configure:13312: checking for backtrace
configure:13312: gcc -o conftest -g -O2   conftest.c  >&5
configure:13312: $? = 0
configure:13312: result: yes
configure:13318: checking for chflags
configure:13318: gcc -o conftest -g -O2   conftest.c  >&5
conftest.c:127:1: error: unknown type name 'choke'
  127 | choke me
      | ^~~~~
conftest.c:127:9: error: expected ';' before 'int'
  127 | choke me
      |         ^
      |         ;
......
  130 | int
      | ~~~      
configure:13318: $? = 1
configure: failed program was:
| /* confdefs.h */
| #define PACKAGE_NAME ""
| #define PACKAGE_TARNAME ""
| #define PACKAGE_VERSION ""
| #define PACKAGE_STRING ""
| #define PACKAGE_BUGREPORT ""
| #define PACKAGE_URL ""
| #define HAVE_STDIO_H 1
| #define HAVE_STDLIB_H 1
| #define HAVE_STRING_H 1
| #define HAVE_INTTYPES_H 1
| #define HAVE_STDINT_H 1
| #define HAVE_STRINGS_H 1
| #define HAVE_SYS_STAT_H 1
| #define HAVE_SYS_TYPES_H 1
| #define HAVE_UNISTD_H 1
| #define HAVE_WCHAR_H 1
| #define STDC_HEADERS 1
| #define _ALL_SOURCE 1
| #define _DARWIN_C_SOURCE 1
| #define _GNU_SOURCE 1
| #define _HPUX_ALT_XOPEN_SOCKET_API 1
| #define _NETBSD_SOURCE 1
| #define _OPENBSD_SOURCE 1
| #define _POSIX_PTHREAD_SEMANTICS 1
| #define __STDC_WANT_IEC_60559_ATTRIBS_EXT__ 1
| #define __STDC_WANT_IEC_60559_BFP_EXT__ 1
| #define __STDC_WANT_IEC_60559_DFP_EXT__ 1
| #define __STDC_WANT_IEC_60559_FUNCS_EXT__ 1
| #define __STDC_WANT_IEC_60559_TYPES_EXT__ 1
| #define __STDC_WANT_LIB_EXT2__ 1
| #define __STDC_WANT_MATH_SPEC_FUNCS__ 1
| #define _TANDEM_SOURCE 1
| #define __EXTENSIONS__ 1
| #define CONFIG_TESTIO_DEBUG 1
| #define CONFIG_BUILD_FINDFS 1
| #define TLS __thread
| #define HAVE_PTHREAD_PRIO_INHERIT 1
| #define HAVE_PTHREAD 1
| #define USE_UUIDD 1
| #define CONFIG_MMP 1
| #define ENABLE_BMAP_STATS 1
| #define PACKAGE "e2fsprogs"
| #define VERSION "0.14.1"
| #define HAVE_DIRENT_H 1
| #define HAVE_ERRNO_H 1
| #define HAVE_EXECINFO_H 1
| #define HAVE_GETOPT_H 1
| #define HAVE_MALLOC_H 1
| #define HAVE_MNTENT_H 1
| #define HAVE_PATHS_H 1
| #define HAVE_PTHREAD_H 1
| #define HAVE_SEMAPHORE_H 1
| #define HAVE_SETJMP_H 1
| #define HAVE_SIGNAL_H 1
| #define HAVE_STDARG_H 1
| #define HAVE_STDINT_H 1
| #define HAVE_STDLIB_H 1
| #define HAVE_TERMIOS_H 1
| #define HAVE_TERMIO_H 1
| #define HAVE_UNISTD_H 1
| #define HAVE_UTIME_H 1
| #define HAVE_LINUX_FALLOC_H 1
| #define HAVE_LINUX_FD_H 1
| #define HAVE_LINUX_FSMAP_H 1
| #define HAVE_LINUX_FSVERITY_H 1
| #define HAVE_LINUX_MAJOR_H 1
| #define HAVE_LINUX_LOOP_H 1
| #define HAVE_LINUX_TYPES_H 1
| #define HAVE_NETINET_IN_H 1
| #define HAVE_SYS_FILE_H 1
| #define HAVE_SYS_IOCTL_H 1
| #define HAVE_SYS_MMAN_H 1
| #define HAVE_SYS_MOUNT_H 1
| #define HAVE_SYS_PRCTL_H 1
| #define HAVE_SYS_RANDOM_H 1
| #define HAVE_SYS_RESOURCE_H 1
| #define HAVE_SYS_SELECT_H 1
| #define HAVE_SYS_SOCKET_H 1
| #define HAVE_SYS_STAT_H 1
| #define HAVE_SYS_SYSCALL_H 1
| #define HAVE_SYS_SYSMACROS_H 1
| #define HAVE_SYS_TIME_H 1
| #define HAVE_SYS_TYPES_H 1
| #define HAVE_SYS_UN_H 1
| #define HAVE_SYS_WAIT_H 1
| #define HAVE_SYS_XATTR_H 1
| #define HAVE_NET_IF_H 1
| #define HAVE_VPRINTF 1
| #define HAVE_RECLEN_DIRENT 1
| #define HAVE_STRUCT_STAT_ST_ATIM 1
| #define HAVE_TYPE_SSIZE_T 1
| #define HAVE_LSEEK64_PROTOTYPE 1
| #define HAVE_FSMAP_SIZEOF 1
| #define SIZEOF_SHORT 2
| #define SIZEOF_INT 4
| #define SIZEOF_LONG 8
| #define SIZEOF_LONG_LONG 8
| #define SIZEOF_OFF_T 8
| #define SIZEOF_TIME_T 8
| #define SIZEOF_VOID_P 8
| #define HAVE_INTTYPES_H 1
| #define HAVE_INTPTR_T 1
| #define HAVE_BACKTRACE 1
| /* end confdefs.h.  */
| /* Define chflags to an innocuous variant, in case <limits.h> declares chflags.
|    For example, HP-UX 11i <limits.h> declares gettimeofday.  */
| #define chflags innocuous_chflags
| 
| /* System header to define __stub macros and hopefully few prototypes,
|    which can conflict with char chflags (); below.  */
| 
| #include <limits.h>
| #undef chflags
| 
| /* Override any GCC internal prototype to avoid an error.
|    Use char because int might match the return type of a GCC
|    builtin and then its argument prototype would still apply.  */
| #ifdef __cplusplus
| extern "C"
| #endif
| char chflags ();
| /* The GNU C library defines this for functions which it implements
|     to always fail with ENOSYS.  Some functions are actually named
|     something starting with __ and the normal name is an alias.  */
| #if defined __stub_chflags || defined __stub___chflags
| choke me
| #endif
| 
| int
| main (void)
| {
| return chflags ();
|   ;
|   return 0;
| }
configure:13318: result: no
configure:13324: checking for dlopen
configure:13324: result: yes
configure:13330: checking for fadvise64
configure:13330: gcc -o conftest -g -O2   conftest.c  >&5
/usr/bin/ld: /tmp/cccdYizb.o: in function `main':
/home/runner/work/govm/govm/boxlite-src/target/x86_64-unknown-linux-gnu/release/build/e2fsprogs-sys-da0015b43ed4b0fc/out/e2fsprogs-build/conftest.c:134:(.text.startup+0xb): undefined reference to `fadvise64'
collect2: error: ld returned 1 exit status
configure:13330: $? = 1
configure: failed program was:
| /* confdefs.h */
| #define PACKAGE_NAME ""
| #define PACKAGE_TARNAME ""
| #define PACKAGE_VERSION ""
| #define PACKAGE_STRING ""
| #define PACKAGE_BUGREPORT ""
| #define PACKAGE_URL ""
| #define HAVE_STDIO_H 1
| #define HAVE_STDLIB_H 1
| #define HAVE_STRING_H 1
| #define HAVE_INTTYPES_H 1
| #define HAVE_STDINT_H 1
| #define HAVE_STRINGS_H 1
| #define HAVE_SYS_STAT_H 1
| #define HAVE_SYS_TYPES_H 1
| #define HAVE_UNISTD_H 1
| #define HAVE_WCHAR_H 1
| #define STDC_HEADERS 1
| #define _ALL_SOURCE 1
| #define _DARWIN_C_SOURCE 1
| #define _GNU_SOURCE 1
| #define _HPUX_ALT_XOPEN_SOCKET_API 1
| #define _NETBSD_SOURCE 1
| #define _OPENBSD_SOURCE 1
| #define _POSIX_PTHREAD_SEMANTICS 1
| #define __STDC_WANT_IEC_60559_ATTRIBS_EXT__ 1
| #define __STDC_WANT_IEC_60559_BFP_EXT__ 1
| #define __STDC_WANT_IEC_60559_DFP_EXT__ 1
| #define __STDC_WANT_IEC_60559_FUNCS_EXT__ 1
| #define __STDC_WANT_IEC_60559_TYPES_EXT__ 1
| #define __STDC_WANT_LIB_EXT2__ 1
| #define __STDC_WANT_MATH_SPEC_FUNCS__ 1
| #define _TANDEM_SOURCE 1
| #define __EXTENSIONS__ 1
| #define CONFIG_TESTIO_DEBUG 1
| #define CONFIG_BUILD_FINDFS 1
| #define TLS __thread
| #define HAVE_PTHREAD_PRIO_INHERIT 1
| #define HAVE_PTHREAD 1
| #define USE_UUIDD 1
| #define CONFIG_MMP 1
| #define ENABLE_BMAP_STATS 1
| #define PACKAGE "e2fsprogs"
| #define VERSION "0.14.1"
| #define HAVE_DIRENT_H 1
| #define HAVE_ERRNO_H 1
| #define HAVE_EXECINFO_H 1
| #define HAVE_GETOPT_H 1
| #define HAVE_MALLOC_H 1
| #define HAVE_MNTENT_H 1
| #define HAVE_PATHS_H 1
| #define HAVE_PTHREAD_H 1
| #define HAVE_SEMAPHORE_H 1
| #define HAVE_SETJMP_H 1
| #define HAVE_SIGNAL_H 1
| #define HAVE_STDARG_H 1
| #define HAVE_STDINT_H 1
| #define HAVE_STDLIB_H 1
| #define HAVE_TERMIOS_H 1
| #define HAVE_TERMIO_H 1
| #define HAVE_UNISTD_H 1
| #define HAVE_UTIME_H 1
| #define HAVE_LINUX_FALLOC_H 1
| #define HAVE_LINUX_FD_H 1
| #define HAVE_LINUX_FSMAP_H 1
| #define HAVE_LINUX_FSVERITY_H 1
| #define HAVE_LINUX_MAJOR_H 1
| #define HAVE_LINUX_LOOP_H 1
| #define HAVE_LINUX_TYPES_H 1
| #define HAVE_NETINET_IN_H 1
| #define HAVE_SYS_FILE_H 1
| #define HAVE_SYS_IOCTL_H 1
| #define HAVE_SYS_MMAN_H 1
| #define HAVE_SYS_MOUNT_H 1
| #define HAVE_SYS_PRCTL_H 1
| #define HAVE_SYS_RANDOM_H 1
| #define HAVE_SYS_RESOURCE_H 1
| #define HAVE_SYS_SELECT_H 1
| #define HAVE_SYS_SOCKET_H 1
| #define HAVE_SYS_STAT_H 1
| #define HAVE_SYS_SYSCALL_H 1
| #define HAVE_SYS_SYSMACROS_H 1
| #define HAVE_SYS_TIME_H 1
| #define HAVE_SYS_TYPES_H 1
| #define HAVE_SYS_UN_H 1
| #define HAVE_SYS_WAIT_H 1
| #define HAVE_SYS_XATTR_H 1
| #define HAVE_NET_IF_H 1
| #define HAVE_VPRINTF 1
| #define HAVE_RECLEN_DIRENT 1
| #define HAVE_STRUCT_STAT_ST_ATIM 1
| #define HAVE_TYPE_SSIZE_T 1
| #define HAVE_LSEEK64_PROTOTYPE 1
| #define HAVE_FSMAP_SIZEOF 1
| #define SIZEOF_SHORT 2
| #define SIZEOF_INT 4
| #define SIZEOF_LONG 8
| #define SIZEOF_LONG_LONG 8
| #define SIZEOF_OFF_T 8
| #define SIZEOF_TIME_T 8
| #define SIZEOF_VOID_P 8
| #define HAVE_INTTYPES_H 1
| #define HAVE_INTPTR_T 1
| #define HAVE_BACKTRACE 1
| #define HAVE_DLOPEN 1
| /* end confdefs.h.  */
| /* Define fadvise64 to an innocuous variant, in case <limits.h> declares fadvise64.
|    For example, HP-UX 11i <limits.h> declares gettimeofday.  */
| #define fadvise64 innocuous_fadvise64
| 
| /* System header to define __stub macros and hopefully few prototypes,
|    which can conflict with char fadvise64 (); below.  */
| 
| #include <limits.h>
| #undef fadvise64
| 
| /* Override any GCC internal prototype to avoid an error.
|    Use char because int might match the return type of a GCC
|    builtin and then its argument prototype would still apply.  */
| #ifdef __cplusplus
| extern "C"
| #endif
| char fadvise64 ();
| /* The GNU C library defines this for functions which it implements
|     to always fail with ENOSYS.  Some functions are actually named
|     something starting with __ and the normal name is an alias.  */
| #if defined __stub_fadvise64 || defined __stub___fadvise64
| choke me
| #endif
| 
| int
| main (void)
| {
| return fadvise64 ();
|   ;
|   return 0;
| }
configure:13330: result: no
configure:13336: checking for fallocate
configure:13336: gcc -o conftest -g -O2   conftest.c  >&5
configure:13336: $? = 0
configure:13336: result: yes
configure:13342: checking for fallocate64
configure:13342: gcc -o conftest -g -O2   conftest.c  >&5
configure:13342: $? = 0
configure:13342: result: yes
configure:13348: checking for fchown
configure:13348: gcc -o conftest -g -O2   conftest.c  >&5
configure:13348: $? = 0
configure:13348: result: yes
configure:13354: checking for fcntl
configure:13354: gcc -o conftest -g -O2   conftest.c  >&5
configure:13354: $? = 0
configure:13354: result: yes
configure:13360: checking for fdatasync
configure:13360: gcc -o conftest -g -O2   conftest.c  >&5
configure:13360: $? = 0
configure:13360: result: yes
configure:13366: checking for fstat64
configure:13366: gcc -o conftest -g -O2   conftest.c  >&5
configure:13366: $? = 0
configure:13366: result: yes
configure:13372: checking for fsync
configure:13372: gcc -o conftest -g -O2   conftest.c  >&5
configure:13372: $? = 0
configure:13372: result: yes
configure:13378: checking for ftruncate64
configure:13378: gcc -o conftest -g -O2   conftest.c  >&5
configure:13378: $? = 0
configure:13378: result: yes
configure:13384: checking for futimes
configure:13384: gcc -o conftest -g -O2   conftest.c  >&5
configure:13384: $? = 0
configure:13384: result: yes
configure:13390: checking for getcwd
configure:13390: gcc -o conftest -g -O2   conftest.c  >&5
configure:13390: $? = 0
configure:13390: result: yes
configure:13396: checking for getdtablesize
configure:13396: gcc -o conftest -g -O2   conftest.c  >&5
configure:13396: $? = 0
configure:13396: result: yes
configure:13402: checking for getentropy
configure:13402: gcc -o conftest -g -O2   conftest.c  >&5
configure:13402: $? = 0
configure:13402: result: yes
configure:13408: checking for gethostname
configure:13408: gcc -o conftest -g -O2   conftest.c  >&5
configure:13408: $? = 0
configure:13408: result: yes
configure:13414: checking for getmntinfo
configure:13414: gcc -o conftest -g -O2   conftest.c  >&5
/usr/bin/ld: /tmp/ccdA8naq.o: in function `main':
/home/runner/work/govm/govm/boxlite-src/target/x86_64-unknown-linux-gnu/release/build/e2fsprogs-sys-da0015b43ed4b0fc/out/e2fsprogs-build/conftest.c:147:(.text.startup+0xb): undefined reference to `getmntinfo'
collect2: error: ld returned 1 exit status
configure:13414: $? = 1
configure: failed program was:
| /* confdefs.h */
| #define PACKAGE_NAME ""
| #define PACKAGE_TARNAME ""
| #define PACKAGE_VERSION ""
| #define PACKAGE_STRING ""
| #define PACKAGE_BUGREPORT ""
| #define PACKAGE_URL ""
| #define HAVE_STDIO_H 1
| #define HAVE_STDLIB_H 1
| #define HAVE_STRING_H 1
| #define HAVE_INTTYPES_H 1
| #define HAVE_STDINT_H 1
| #define HAVE_STRINGS_H 1
| #define HAVE_SYS_STAT_H 1
| #define HAVE_SYS_TYPES_H 1
| #define HAVE_UNISTD_H 1
| #define HAVE_WCHAR_H 1
| #define STDC_HEADERS 1
| #define _ALL_SOURCE 1
| #define _DARWIN_C_SOURCE 1
| #define _GNU_SOURCE 1
| #define _HPUX_ALT_XOPEN_SOCKET_API 1
| #define _NETBSD_SOURCE 1
| #define _OPENBSD_SOURCE 1
| #define _POSIX_PTHREAD_SEMANTICS 1
| #define __STDC_WANT_IEC_60559_ATTRIBS_EXT__ 1
| #define __STDC_WANT_IEC_60559_BFP_EXT__ 1
| #define __STDC_WANT_IEC_60559_DFP_EXT__ 1
| #define __STDC_WANT_IEC_60559_FUNCS_EXT__ 1
| #define __STDC_WANT_IEC_60559_TYPES_EXT__ 1
| #define __STDC_WANT_LIB_EXT2__ 1
| #define __STDC_WANT_MATH_SPEC_FUNCS__ 1
| #define _TANDEM_SOURCE 1
| #define __EXTENSIONS__ 1
| #define CONFIG_TESTIO_DEBUG 1
| #define CONFIG_BUILD_FINDFS 1
| #define TLS __thread
| #define HAVE_PTHREAD_PRIO_INHERIT 1
| #define HAVE_PTHREAD 1
| #define USE_UUIDD 1
| #define CONFIG_MMP 1
| #define ENABLE_BMAP_STATS 1
| #define PACKAGE "e2fsprogs"
| #define VERSION "0.14.1"
| #define HAVE_DIRENT_H 1
| #define HAVE_ERRNO_H 1
| #define HAVE_EXECINFO_H 1
| #define HAVE_GETOPT_H 1
| #define HAVE_MALLOC_H 1
| #define HAVE_MNTENT_H 1
| #define HAVE_PATHS_H 1
| #define HAVE_PTHREAD_H 1
| #define HAVE_SEMAPHORE_H 1
| #define HAVE_SETJMP_H 1
| #define HAVE_SIGNAL_H 1
| #define HAVE_STDARG_H 1
| #define HAVE_STDINT_H 1
| #define HAVE_STDLIB_H 1
| #define HAVE_TERMIOS_H 1
| #define HAVE_TERMIO_H 1
| #define HAVE_UNISTD_H 1
| #define HAVE_UTIME_H 1
| #define HAVE_LINUX_FALLOC_H 1
| #define HAVE_LINUX_FD_H 1
| #define HAVE_LINUX_FSMAP_H 1
| #define HAVE_LINUX_FSVERITY_H 1
| #define HAVE_LINUX_MAJOR_H 1
| #define HAVE_LINUX_LOOP_H 1
| #define HAVE_LINUX_TYPES_H 1
| #define HAVE_NETINET_IN_H 1
| #define HAVE_SYS_FILE_H 1
| #define HAVE_SYS_IOCTL_H 1
| #define HAVE_SYS_MMAN_H 1
| #define HAVE_SYS_MOUNT_H 1
| #define HAVE_SYS_PRCTL_H 1
| #define HAVE_SYS_RANDOM_H 1
| #define HAVE_SYS_RESOURCE_H 1
| #define HAVE_SYS_SELECT_H 1
| #define HAVE_SYS_SOCKET_H 1
| #define HAVE_SYS_STAT_H 1
| #define HAVE_SYS_SYSCALL_H 1
| #define HAVE_SYS_SYSMACROS_H 1
| #define HAVE_SYS_TIME_H 1
| #define HAVE_SYS_TYPES_H 1
| #define HAVE_SYS_UN_H 1
| #define HAVE_SYS_WAIT_H 1
| #define HAVE_SYS_XATTR_H 1
| #define HAVE_NET_IF_H 1
| #define HAVE_VPRINTF 1
| #define HAVE_RECLEN_DIRENT 1
| #define HAVE_STRUCT_STAT_ST_ATIM 1
| #define HAVE_TYPE_SSIZE_T 1
| #define HAVE_LSEEK64_PROTOTYPE 1
| #define HAVE_FSMAP_SIZEOF 1
| #define SIZEOF_SHORT 2
| #define SIZEOF_INT 4
| #define SIZEOF_LONG 8
| #define SIZEOF_LONG_LONG 8
| #define SIZEOF_OFF_T 8
| #define SIZEOF_TIME_T 8
| #define SIZEOF_VOID_P 8
| #define HAVE_INTTYPES_H 1
| #define HAVE_INTPTR_T 1
| #define HAVE_BACKTRACE 1
| #define HAVE_DLOPEN 1
| #define HAVE_FALLOCATE 1
| #define HAVE_FALLOCATE64 1
| #define HAVE_FCHOWN 1
| #define HAVE_FCNTL 1
| #define HAVE_FDATASYNC 1
| #define HAVE_FSTAT64 1
| #define HAVE_FSYNC 1
| #define HAVE_FTRUNCATE64 1
| #define HAVE_FUTIMES 1
| #define HAVE_GETCWD 1
| #define HAVE_GETDTABLESIZE 1
| #define HAVE_GETENTROPY 1
| #define HAVE_GETHOSTNAME 1
| /* end confdefs.h.  */
| /* Define getmntinfo to an innocuous variant, in case <limits.h> declares getmntinfo.
|    For example, HP-UX 11i <limits.h> declares gettimeofday.  */
| #define getmntinfo innocuous_getmntinfo
| 
| /* System header to define __stub macros and hopefully few prototypes,
|    which can conflict with char getmntinfo (); below.  */
| 
| #include <limits.h>
| #undef getmntinfo
| 
| /* Override any GCC internal prototype to avoid an error.
|    Use char because int might match the return type of a GCC
|    builtin and then its argument prototype would still apply.  */
| #ifdef __cplusplus
| extern "C"
| #endif
| char getmntinfo ();
| /* The GNU C library defines this for functions which it implements
|     to always fail with ENOSYS.  Some functions are actually named
|     something starting with __ and the normal name is an alias.  */
| #if defined __stub_getmntinfo || defined __stub___getmntinfo
| choke me
| #endif
| 
| int
| main (void)
| {
| return getmntinfo ();
|   ;
|   return 0;
| }
configure:13414: result: no
configure:13420: checking for getpwuid_r
configure:13420: gcc -o conftest -g -O2   conftest.c  >&5
configure:13420: $? = 0
configure:13420: result: yes
configure:13426: checking for getrandom
configure:13426: gcc -o conftest -g -O2   conftest.c  >&5
configure:13426: $? = 0
configure:13426: result: yes
configure:13432: checking for getrlimit
configure:13432: gcc -o conftest -g -O2   conftest.c  >&5
configure:13432: $? = 0
configure:13432: result: yes
configure:13438: checking for getrusage
configure:13438: gcc -o conftest -g -O2   conftest.c  >&5
configure:13438: $? = 0
configure:13438: result: yes
configure:13444: checking for jrand48
configure:13444: gcc -o conftest -g -O2   conftest.c  >&5
configure:13444: $? = 0
configure:13444: result: yes
configure:13450: checking for keyctl
configure:13450: gcc -o conftest -g -O2   conftest.c  >&5
/usr/bin/ld: /tmp/ccEZb3H2.o: in function `main':
/home/runner/work/govm/govm/boxlite-src/target/x86_64-unknown-linux-gnu/release/build/e2fsprogs-sys-da0015b43ed4b0fc/out/e2fsprogs-build/conftest.c:152:(.text.startup+0xb): undefined reference to `keyctl'
collect2: error: ld returned 1 exit status
configure:13450: $? = 1
configure: failed program was:
| /* confdefs.h */
| #define PACKAGE_NAME ""
| #define PACKAGE_TARNAME ""
| #define PACKAGE_VERSION ""
| #define PACKAGE_STRING ""
| #define PACKAGE_BUGREPORT ""
| #define PACKAGE_URL ""
| #define HAVE_STDIO_H 1
| #define HAVE_STDLIB_H 1
| #define HAVE_STRING_H 1
| #define HAVE_INTTYPES_H 1
| #define HAVE_STDINT_H 1
| #define HAVE_STRINGS_H 1
| #define HAVE_SYS_STAT_H 1
| #define HAVE_SYS_TYPES_H 1
| #define HAVE_UNISTD_H 1
| #define HAVE_WCHAR_H 1
| #define STDC_HEADERS 1
| #define _ALL_SOURCE 1
| #define _DARWIN_C_SOURCE 1
| #define _GNU_SOURCE 1
| #define _HPUX_ALT_XOPEN_SOCKET_API 1
| #define _NETBSD_SOURCE 1
| #define _OPENBSD_SOURCE 1
| #define _POSIX_PTHREAD_SEMANTICS 1
| #define __STDC_WANT_IEC_60559_ATTRIBS_EXT__ 1
| #define __STDC_WANT_IEC_60559_BFP_EXT__ 1
| #define __STDC_WANT_IEC_60559_DFP_EXT__ 1
| #define __STDC_WANT_IEC_60559_FUNCS_EXT__ 1
| #define __STDC_WANT_IEC_60559_TYPES_EXT__ 1
| #define __STDC_WANT_LIB_EXT2__ 1
| #define __STDC_WANT_MATH_SPEC_FUNCS__ 1
| #define _TANDEM_SOURCE 1
| #define __EXTENSIONS__ 1
| #define CONFIG_TESTIO_DEBUG 1
| #define CONFIG_BUILD_FINDFS 1
| #define TLS __thread
| #define HAVE_PTHREAD_PRIO_INHERIT 1
| #define HAVE_PTHREAD 1
| #define USE_UUIDD 1
| #define CONFIG_MMP 1
| #define ENABLE_BMAP_STATS 1
| #define PACKAGE "e2fsprogs"
| #define VERSION "0.14.1"
| #define HAVE_DIRENT_H 1
| #define HAVE_ERRNO_H 1
| #define HAVE_EXECINFO_H 1
| #define HAVE_GETOPT_H 1
| #define HAVE_MALLOC_H 1
| #define HAVE_MNTENT_H 1
| #define HAVE_PATHS_H 1
| #define HAVE_PTHREAD_H 1
| #define HAVE_SEMAPHORE_H 1
| #define HAVE_SETJMP_H 1
| #define HAVE_SIGNAL_H 1
| #define HAVE_STDARG_H 1
| #define HAVE_STDINT_H 1
| #define HAVE_STDLIB_H 1
| #define HAVE_TERMIOS_H 1
| #define HAVE_TERMIO_H 1
| #define HAVE_UNISTD_H 1
| #define HAVE_UTIME_H 1
| #define HAVE_LINUX_FALLOC_H 1
| #define HAVE_LINUX_FD_H 1
| #define HAVE_LINUX_FSMAP_H 1
| #define HAVE_LINUX_FSVERITY_H 1
| #define HAVE_LINUX_MAJOR_H 1
| #define HAVE_LINUX_LOOP_H 1
| #define HAVE_LINUX_TYPES_H 1
| #define HAVE_NETINET_IN_H 1
| #define HAVE_SYS_FILE_H 1
| #define HAVE_SYS_IOCTL_H 1
| #define HAVE_SYS_MMAN_H 1
| #define HAVE_SYS_MOUNT_H 1
| #define HAVE_SYS_PRCTL_H 1
| #define HAVE_SYS_RANDOM_H 1
| #define HAVE_SYS_RESOURCE_H 1
| #define HAVE_SYS_SELECT_H 1
| #define HAVE_SYS_SOCKET_H 1
| #define HAVE_SYS_STAT_H 1
| #define HAVE_SYS_SYSCALL_H 1
| #define HAVE_SYS_SYSMACROS_H 1
| #define HAVE_SYS_TIME_H 1
| #define HAVE_SYS_TYPES_H 1
| #define HAVE_SYS_UN_H 1
| #define HAVE_SYS_WAIT_H 1
| #define HAVE_SYS_XATTR_H 1
| #define HAVE_NET_IF_H 1
| #define HAVE_VPRINTF 1
| #define HAVE_RECLEN_DIRENT 1
| #define HAVE_STRUCT_STAT_ST_ATIM 1
| #define HAVE_TYPE_SSIZE_T 1
| #define HAVE_LSEEK64_PROTOTYPE 1
| #define HAVE_FSMAP_SIZEOF 1
| #define SIZEOF_SHORT 2
| #define SIZEOF_INT 4
| #define SIZEOF_LONG 8
| #define SIZEOF_LONG_LONG 8
| #define SIZEOF_OFF_T 8
| #define SIZEOF_TIME_T 8
| #define SIZEOF_VOID_P 8
| #define HAVE_INTTYPES_H 1
| #define HAVE_INTPTR_T 1
| #define HAVE_BACKTRACE 1
| #define HAVE_DLOPEN 1
| #define HAVE_FALLOCATE 1
| #define HAVE_FALLOCATE64 1
| #define HAVE_FCHOWN 1
| #define HAVE_FCNTL 1
| #define HAVE_FDATASYNC 1
| #define HAVE_FSTAT64 1
| #define HAVE_FSYNC 1
| #define HAVE_FTRUNCATE64 1
| #define HAVE_FUTIMES 1
| #define HAVE_GETCWD 1
| #define HAVE_GETDTABLESIZE 1
| #define HAVE_GETENTROPY 1
| #define HAVE_GETHOSTNAME 1
| #define HAVE_GETPWUID_R 1
| #define HAVE_GETRANDOM 1
| #define HAVE_GETRLIMIT 1
| #define HAVE_GETRUSAGE 1
| #define HAVE_JRAND48 1
| /* end confdefs.h.  */
| /* Define keyctl to an innocuous variant, in case <limits.h> declares keyctl.
|    For example, HP-UX 11i <limits.h> declares gettimeofday.  */
| #define keyctl innocuous_keyctl
| 
| /* System header to define __stub macros and hopefully few prototypes,
|    which can conflict with char keyctl (); below.  */
| 
| #include <limits.h>
| #undef keyctl
| 
| /* Override any GCC internal prototype to avoid an error.
|    Use char because int might match the return type of a GCC
|    builtin and then its argument prototype would still apply.  */
| #ifdef __cplusplus
| extern "C"
| #endif
| char keyctl ();
| /* The GNU C library defines this for functions which it implements
|     to always fail with ENOSYS.  Some functions are actually named
|     something starting with __ and the normal name is an alias.  */
| #if defined __stub_keyctl || defined __stub___keyctl
| choke me
| #endif
| 
| int
| main (void)
| {
| return keyctl ();
|   ;
|   return 0;
| }
configure:13450: result: no
configure:13456: checking for llistxattr
configure:13456: gcc -o conftest -g -O2   conftest.c  >&5
configure:13456: $? = 0
configure:13456: result: yes
configure:13462: checking for llseek
configure:13462: gcc -o conftest -g -O2   conftest.c  >&5
/usr/bin/ld: /tmp/ccfEtgPf.o: in function `main':
/home/runner/work/govm/govm/boxlite-src/target/x86_64-unknown-linux-gnu/release/build/e2fsprogs-sys-da0015b43ed4b0fc/out/e2fsprogs-build/conftest.c:153:(.text.startup+0xb): undefined reference to `llseek'
collect2: error: ld returned 1 exit status
configure:13462: $? = 1
configure: failed program was:
| /* confdefs.h */
| #define PACKAGE_NAME ""
| #define PACKAGE_TARNAME ""
| #define PACKAGE_VERSION ""
| #define PACKAGE_STRING ""
| #define PACKAGE_BUGREPORT ""
| #define PACKAGE_URL ""
| #define HAVE_STDIO_H 1
| #define HAVE_STDLIB_H 1
| #define HAVE_STRING_H 1
| #define HAVE_INTTYPES_H 1
| #define HAVE_STDINT_H 1
| #define HAVE_STRINGS_H 1
| #define HAVE_SYS_STAT_H 1
| #define HAVE_SYS_TYPES_H 1
| #define HAVE_UNISTD_H 1
| #define HAVE_WCHAR_H 1
| #define STDC_HEADERS 1
| #define _ALL_SOURCE 1
| #define _DARWIN_C_SOURCE 1
| #define _GNU_SOURCE 1
| #define _HPUX_ALT_XOPEN_SOCKET_API 1
| #define _NETBSD_SOURCE 1
| #define _OPENBSD_SOURCE 1
| #define _POSIX_PTHREAD_SEMANTICS 1
| #define __STDC_WANT_IEC_60559_ATTRIBS_EXT__ 1
| #define __STDC_WANT_IEC_60559_BFP_EXT__ 1
| #define __STDC_WANT_IEC_60559_DFP_EXT__ 1
| #define __STDC_WANT_IEC_60559_FUNCS_EXT__ 1
| #define __STDC_WANT_IEC_60559_TYPES_EXT__ 1
| #define __STDC_WANT_LIB_EXT2__ 1
| #define __STDC_WANT_MATH_SPEC_FUNCS__ 1
| #define _TANDEM_SOURCE 1
| #define __EXTENSIONS__ 1
| #define CONFIG_TESTIO_DEBUG 1
| #define CONFIG_BUILD_FINDFS 1
| #define TLS __thread
| #define HAVE_PTHREAD_PRIO_INHERIT 1
| #define HAVE_PTHREAD 1
| #define USE_UUIDD 1
| #define CONFIG_MMP 1
| #define ENABLE_BMAP_STATS 1
| #define PACKAGE "e2fsprogs"
| #define VERSION "0.14.1"
| #define HAVE_DIRENT_H 1
| #define HAVE_ERRNO_H 1
| #define HAVE_EXECINFO_H 1
| #define HAVE_GETOPT_H 1
| #define HAVE_MALLOC_H 1
| #define HAVE_MNTENT_H 1
| #define HAVE_PATHS_H 1
| #define HAVE_PTHREAD_H 1
| #define HAVE_SEMAPHORE_H 1
| #define HAVE_SETJMP_H 1
| #define HAVE_SIGNAL_H 1
| #define HAVE_STDARG_H 1
| #define HAVE_STDINT_H 1
| #define HAVE_STDLIB_H 1
| #define HAVE_TERMIOS_H 1
| #define HAVE_TERMIO_H 1
| #define HAVE_UNISTD_H 1
| #define HAVE_UTIME_H 1
| #define HAVE_LINUX_FALLOC_H 1
| #define HAVE_LINUX_FD_H 1
| #define HAVE_LINUX_FSMAP_H 1
| #define HAVE_LINUX_FSVERITY_H 1
| #define HAVE_LINUX_MAJOR_H 1
| #define HAVE_LINUX_LOOP_H 1
| #define HAVE_LINUX_TYPES_H 1
| #define HAVE_NETINET_IN_H 1
| #define HAVE_SYS_FILE_H 1
| #define HAVE_SYS_IOCTL_H 1
| #define HAVE_SYS_MMAN_H 1
| #define HAVE_SYS_MOUNT_H 1
| #define HAVE_SYS_PRCTL_H 1
| #define HAVE_SYS_RANDOM_H 1
| #define HAVE_SYS_RESOURCE_H 1
| #define HAVE_SYS_SELECT_H 1
| #define HAVE_SYS_SOCKET_H 1
| #define HAVE_SYS_STAT_H 1
| #define HAVE_SYS_SYSCALL_H 1
| #define HAVE_SYS_SYSMACROS_H 1
| #define HAVE_SYS_TIME_H 1
| #define HAVE_SYS_TYPES_H 1
| #define HAVE_SYS_UN_H 1
| #define HAVE_SYS_WAIT_H 1
| #define HAVE_SYS_XATTR_H 1
| #define HAVE_NET_IF_H 1
| #define HAVE_VPRINTF 1
| #define HAVE_RECLEN_DIRENT 1
| #define HAVE_STRUCT_STAT_ST_ATIM 1
| #define HAVE_TYPE_SSIZE_T 1
| #define HAVE_LSEEK64_PROTOTYPE 1
| #define HAVE_FSMAP_SIZEOF 1
| #define SIZEOF_SHORT 2
| #define SIZEOF_INT 4
| #define SIZEOF_LONG 8
| #define SIZEOF_LONG_LONG 8
| #define SIZEOF_OFF_T 8
| #define SIZEOF_TIME_T 8
| #define SIZEOF_VOID_P 8
| #define HAVE_INTTYPES_H 1
| #define HAVE_INTPTR_T 1
| #define HAVE_BACKTRACE 1
| #define HAVE_DLOPEN 1
| #define HAVE_FALLOCATE 1
| #define HAVE_FALLOCATE64 1
| #define HAVE_FCHOWN 1
| #define HAVE_FCNTL 1
| #define HAVE_FDATASYNC 1
| #define HAVE_FSTAT64 1
| #define HAVE_FSYNC 1
| #define HAVE_FTRUNCATE64 1
| #define HAVE_FUTIMES 1
| #define HAVE_GETCWD 1
| #define HAVE_GETDTABLESIZE 1
| #define HAVE_GETENTROPY 1
| #define HAVE_GETHOSTNAME 1
| #define HAVE_GETPWUID_R 1
| #define HAVE_GETRANDOM 1
| #define HAVE_GETRLIMIT 1
| #define HAVE_GETRUSAGE 1
| #define HAVE_JRAND48 1
| #define HAVE_LLISTXATTR 1
| /* end confdefs.h.  */
| /* Define llseek to an innocuous variant, in case <limits.h> declares llseek.
|    For example, HP-UX 11i <limits.h> declares gettimeofday.  */
| #define llseek innocuous_llseek
| 
| /* System header to define __stub macros and hopefully few prototypes,
|    which can conflict with char llseek (); below.  */
| 
| #include <limits.h>
| #undef llseek
| 
| /* Override any GCC internal prototype to avoid an error.
|    Use char because int might match the return type of a GCC
|    builtin and then its argument prototype would still apply.  */
| #ifdef __cplusplus
| extern "C"
| #endif
| char llseek ();
| /* The GNU C library defines this for functions which it implements
|     to always fail with ENOSYS.  Some functions are actually named
|     something starting with __ and the normal name is an alias.  */
| #if defined __stub_llseek || defined __stub___llseek
| choke me
| #endif
| 
| int
| main (void)
| {
| return llseek ();
|   ;
|   return 0;
| }
configure:13462: result: no
configure:13468: checking for lseek64
configure:13468: gcc -o conftest -g -O2   conftest.c  >&5
configure:13468: $? = 0
configure:13468: result: yes
configure:13474: checking for mallinfo
configure:13474: gcc -o conftest -g -O2   conftest.c  >&5
configure:13474: $? = 0
configure:13474: result: yes
configure:13480: checking for mallinfo2
configure:13480: gcc -o conftest -g -O2   conftest.c  >&5
configure:13480: $? = 0
configure:13480: result: yes
configure:13486: checking for mbstowcs
configure:13486: gcc -o conftest -g -O2   conftest.c  >&5
configure:13486: $? = 0
configure:13486: result: yes
configure:13492: checking for memalign
configure:13492: gcc -o conftest -g -O2   conftest.c  >&5
configure:13492: $? = 0
configure:13492: result: yes
configure:13498: checking for mempcpy
configure:13498: gcc -o conftest -g -O2   conftest.c  >&5
conftest.c:147:6: warning: conflicting types for built-in function 'mempcpy'; expected 'void *(void *, const void *, long unsigned int)' [-Wbuiltin-declaration-mismatch]
  147 | char mempcpy ();
      |      ^~~~~~~
configure:13498: $? = 0
configure:13498: result: yes
configure:13504: checking for mmap
configure:13504: gcc -o conftest -g -O2   conftest.c  >&5
configure:13504: $? = 0
configure:13504: result: yes
configure:13510: checking for msync
configure:13510: gcc -o conftest -g -O2   conftest.c  >&5
configure:13510: $? = 0
configure:13510: result: yes
configure:13516: checking for nanosleep
configure:13516: gcc -o conftest -g -O2   conftest.c  >&5
configure:13516: $? = 0
configure:13516: result: yes
configure:13522: checking for open64
configure:13522: gcc -o conftest -g -O2   conftest.c  >&5
configure:13522: $? = 0
configure:13522: result: yes
configure:13528: checking for pathconf
configure:13528: gcc -o conftest -g -O2   conftest.c  >&5
configure:13528: $? = 0
configure:13528: result: yes
configure:13534: checking for posix_fadvise
configure:13534: gcc -o conftest -g -O2   conftest.c  >&5
configure:13534: $? = 0
configure:13534: result: yes
configure:13540: checking for posix_fadvise64
configure:13540: gcc -o conftest -g -O2   conftest.c  >&5
configure:13540: $? = 0
configure:13540: result: yes
configure:13546: checking for posix_memalign
configure:13546: gcc -o conftest -g -O2   conftest.c  >&5
conftest.c:155:6: warning: conflicting types for built-in function 'posix_memalign'; expected 'int(void **, long unsigned int,  long unsigned int)' [-Wbuiltin-declaration-mismatch]
  155 | char posix_memalign ();
      |      ^~~~~~~~~~~~~~
configure:13546: $? = 0
configure:13546: result: yes
configure:13552: checking for prctl
configure:13552: gcc -o conftest -g -O2   conftest.c  >&5
configure:13552: $? = 0
configure:13552: result: yes
configure:13558: checking for pread
configure:13558: gcc -o conftest -g -O2   conftest.c  >&5
configure:13558: $? = 0
configure:13558: result: yes
configure:13564: checking for pwrite
configure:13564: gcc -o conftest -g -O2   conftest.c  >&5
configure:13564: $? = 0
configure:13564: result: yes
configure:13570: checking for pread64
configure:13570: gcc -o conftest -g -O2   conftest.c  >&5
configure:13570: $? = 0
configure:13570: result: yes
configure:13576: checking for pwrite64
configure:13576: gcc -o conftest -g -O2   conftest.c  >&5
configure:13576: $? = 0
configure:13576: result: yes
configure:13582: checking for qsort_r
configure:13582: gcc -o conftest -g -O2   conftest.c  >&5
configure:13582: $? = 0
configure:13582: result: yes
configure:13588: checking for secure_getenv
configure:13588: gcc -o conftest -g -O2   conftest.c  >&5
configure:13588: $? = 0
configure:13588: result: yes
configure:13594: checking for setmntent
configure:13594: gcc -o conftest -g -O2   conftest.c  >&5
configure:13594: $? = 0
configure:13594: result: yes
configure:13600: checking for setresgid
configure:13600: gcc -o conftest -g -O2   conftest.c  >&5
configure:13600: $? = 0
configure:13600: result: yes
configure:13606: checking for setresuid
configure:13606: gcc -o conftest -g -O2   conftest.c  >&5
configure:13606: $? = 0
configure:13606: result: yes
configure:13612: checking for snprintf
configure:13612: gcc -o conftest -g -O2   conftest.c  >&5
conftest.c:166:6: warning: conflicting types for built-in function 'snprintf'; expected 'int(char *, long unsigned int,  const char *, ...)' [-Wbuiltin-declaration-mismatch]
  166 | char snprintf ();
      |      ^~~~~~~~
conftest.c:158:1: note: 'snprintf' is declared in header '<stdio.h>'
  157 | #include <limits.h>
  158 | #undef snprintf
configure:13612: $? = 0
configure:13612: result: yes
configure:13618: checking for srandom
configure:13618: gcc -o conftest -g -O2   conftest.c  >&5
configure:13618: $? = 0
configure:13618: result: yes
configure:13624: checking for stpcpy
configure:13624: gcc -o conftest -g -O2   conftest.c  >&5
conftest.c:168:6: warning: conflicting types for built-in function 'stpcpy'; expected 'char *(char *, const char *)' [-Wbuiltin-declaration-mismatch]
  168 | char stpcpy ();
      |      ^~~~~~
configure:13624: $? = 0
configure:13624: result: yes
configure:13630: checking for strcasecmp
configure:13630: gcc -o conftest -g -O2   conftest.c  >&5
conftest.c:169:6: warning: conflicting types for built-in function 'strcasecmp'; expected 'int(const char *, const char *)' [-Wbuiltin-declaration-mismatch]
  169 | char strcasecmp ();
      |      ^~~~~~~~~~
configure:13630: $? = 0
configure:13630: result: yes
configure:13636: checking for strdup
configure:13636: gcc -o conftest -g -O2   conftest.c  >&5
conftest.c:170:6: warning: conflicting types for built-in function 'strdup'; expected 'char *(const char *)' [-Wbuiltin-declaration-mismatch]
  170 | char strdup ();
      |      ^~~~~~
configure:13636: $? = 0
configure:13636: result: yes
configure:13642: checking for strnlen
configure:13642: gcc -o conftest -g -O2   conftest.c  >&5
conftest.c:171:6: warning: conflicting types for built-in function 'strnlen'; expected 'long unsigned int(const char *, long unsigned int)' [-Wbuiltin-declaration-mismatch]
  171 | char strnlen ();
      |      ^~~~~~~
configure:13642: $? = 0
configure:13642: result: yes
configure:13648: checking for strptime
configure:13648: gcc -o conftest -g -O2   conftest.c  >&5
configure:13648: $? = 0
configure:13648: result: yes
configure:13654: checking for strtoull
configure:13654: gcc -o conftest -g -O2   conftest.c  >&5
configure:13654: $? = 0
configure:13654: result: yes
configure:13660: checking for sync_file_range
configure:13660: gcc -o conftest -g -O2   conftest.c  >&5
configure:13660: $? = 0
configure:13660: result: yes
configure:13666: checking for sysconf
configure:13666: gcc -o conftest -g -O2   conftest.c  >&5
configure:13666: $? = 0
configure:13666: result: yes
configure:13672: checking for usleep
configure:13672: gcc -o conftest -g -O2   conftest.c  >&5
configure:13672: $? = 0
configure:13672: result: yes
configure:13678: checking for utime
configure:13678: gcc -o conftest -g -O2   conftest.c  >&5
configure:13678: $? = 0
configure:13678: result: yes
configure:13684: checking for utimes
configure:13684: gcc -o conftest -g -O2   conftest.c  >&5
configure:13684: $? = 0
configure:13684: result: yes
configure:13690: checking for valloc
configure:13690: gcc -o conftest -g -O2   conftest.c  >&5
configure:13690: $? = 0
configure:13690: result: yes
configure:13698: checking for socket in -lsocket
configure:13721: gcc -o conftest -g -O2   conftest.c -lsocket   >&5
/usr/bin/ld: cannot find -lsocket: No such file or directory
collect2: error: ld returned 1 exit status
configure:13721: $? = 1
configure: failed program was:
| /* confdefs.h */
| #define PACKAGE_NAME ""
| #define PACKAGE_TARNAME ""
| #define PACKAGE_VERSION ""
| #define PACKAGE_STRING ""
| #define PACKAGE_BUGREPORT ""
| #define PACKAGE_URL ""
| #define HAVE_STDIO_H 1
| #define HAVE_STDLIB_H 1
| #define HAVE_STRING_H 1
| #define HAVE_INTTYPES_H 1
| #define HAVE_STDINT_H 1
| #define HAVE_STRINGS_H 1
| #define HAVE_SYS_STAT_H 1
| #define HAVE_SYS_TYPES_H 1
| #define HAVE_UNISTD_H 1
| #define HAVE_WCHAR_H 1
| #define STDC_HEADERS 1
| #define _ALL_SOURCE 1
| #define _DARWIN_C_SOURCE 1
| #define _GNU_SOURCE 1
| #define _HPUX_ALT_XOPEN_SOCKET_API 1
| #define _NETBSD_SOURCE 1
| #define _OPENBSD_SOURCE 1
| #define _POSIX_PTHREAD_SEMANTICS 1
| #define __STDC_WANT_IEC_60559_ATTRIBS_EXT__ 1
| #define __STDC_WANT_IEC_60559_BFP_EXT__ 1
| #define __STDC_WANT_IEC_60559_DFP_EXT__ 1
| #define __STDC_WANT_IEC_60559_FUNCS_EXT__ 1
| #define __STDC_WANT_IEC_60559_TYPES_EXT__ 1
| #define __STDC_WANT_LIB_EXT2__ 1
| #define __STDC_WANT_MATH_SPEC_FUNCS__ 1
| #define _TANDEM_SOURCE 1
| #define __EXTENSIONS__ 1
| #define CONFIG_TESTIO_DEBUG 1
| #define CONFIG_BUILD_FINDFS 1
| #define TLS __thread
| #define HAVE_PTHREAD_PRIO_INHERIT 1
| #define HAVE_PTHREAD 1
| #define USE_UUIDD 1
| #define CONFIG_MMP 1
| #define ENABLE_BMAP_STATS 1
| #define PACKAGE "e2fsprogs"
| #define VERSION "0.14.1"
| #define HAVE_DIRENT_H 1
| #define HAVE_ERRNO_H 1
| #define HAVE_EXECINFO_H 1
| #define HAVE_GETOPT_H 1
| #define HAVE_MALLOC_H 1
| #define HAVE_MNTENT_H 1
| #define HAVE_PATHS_H 1
| #define HAVE_PTHREAD_H 1
| #define HAVE_SEMAPHORE_H 1
| #define HAVE_SETJMP_H 1
| #define HAVE_SIGNAL_H 1
| #define HAVE_STDARG_H 1
| #define HAVE_STDINT_H 1
| #define HAVE_STDLIB_H 1
| #define HAVE_TERMIOS_H 1
| #define HAVE_TERMIO_H 1
| #define HAVE_UNISTD_H 1
| #define HAVE_UTIME_H 1
| #define HAVE_LINUX_FALLOC_H 1
| #define HAVE_LINUX_FD_H 1
| #define HAVE_LINUX_FSMAP_H 1
| #define HAVE_LINUX_FSVERITY_H 1
| #define HAVE_LINUX_MAJOR_H 1
| #define HAVE_LINUX_LOOP_H 1
| #define HAVE_LINUX_TYPES_H 1
| #define HAVE_NETINET_IN_H 1
| #define HAVE_SYS_FILE_H 1
| #define HAVE_SYS_IOCTL_H 1
| #define HAVE_SYS_MMAN_H 1
| #define HAVE_SYS_MOUNT_H 1
| #define HAVE_SYS_PRCTL_H 1
| #define HAVE_SYS_RANDOM_H 1
| #define HAVE_SYS_RESOURCE_H 1
| #define HAVE_SYS_SELECT_H 1
| #define HAVE_SYS_SOCKET_H 1
| #define HAVE_SYS_STAT_H 1
| #define HAVE_SYS_SYSCALL_H 1
| #define HAVE_SYS_SYSMACROS_H 1
| #define HAVE_SYS_TIME_H 1
| #define HAVE_SYS_TYPES_H 1
| #define HAVE_SYS_UN_H 1
| #define HAVE_SYS_WAIT_H 1
| #define HAVE_SYS_XATTR_H 1
| #define HAVE_NET_IF_H 1
| #define HAVE_VPRINTF 1
| #define HAVE_RECLEN_DIRENT 1
| #define HAVE_STRUCT_STAT_ST_ATIM 1
| #define HAVE_TYPE_SSIZE_T 1
| #define HAVE_LSEEK64_PROTOTYPE 1
| #define HAVE_FSMAP_SIZEOF 1
| #define SIZEOF_SHORT 2
| #define SIZEOF_INT 4
| #define SIZEOF_LONG 8
| #define SIZEOF_LONG_LONG 8
| #define SIZEOF_OFF_T 8
| #define SIZEOF_TIME_T 8
| #define SIZEOF_VOID_P 8
| #define HAVE_INTTYPES_H 1
| #define HAVE_INTPTR_T 1
| #define HAVE_BACKTRACE 1
| #define HAVE_DLOPEN 1
| #define HAVE_FALLOCATE 1
| #define HAVE_FALLOCATE64 1
| #define HAVE_FCHOWN 1
| #define HAVE_FCNTL 1
| #define HAVE_FDATASYNC 1
| #define HAVE_FSTAT64 1
| #define HAVE_FSYNC 1
| #define HAVE_FTRUNCATE64 1
| #define HAVE_FUTIMES 1
| #define HAVE_GETCWD 1
| #define HAVE_GETDTABLESIZE 1
| #define HAVE_GETENTROPY 1
| #define HAVE_GETHOSTNAME 1
| #define HAVE_GETPWUID_R 1
| #define HAVE_GETRANDOM 1
| #define HAVE_GETRLIMIT 1
| #define HAVE_GETRUSAGE 1
| #define HAVE_JRAND48 1
| #define HAVE_LLISTXATTR 1
| #define HAVE_LSEEK64 1
| #define HAVE_MALLINFO 1
| #define HAVE_MALLINFO2 1
| #define HAVE_MBSTOWCS 1
| #define HAVE_MEMALIGN 1
| #define HAVE_MEMPCPY 1
| #define HAVE_MMAP 1
| #define HAVE_MSYNC 1
| #define HAVE_NANOSLEEP 1
| #define HAVE_OPEN64 1
| #define HAVE_PATHCONF 1
| #define HAVE_POSIX_FADVISE 1
| #define HAVE_POSIX_FADVISE64 1
| #define HAVE_POSIX_MEMALIGN 1
| #define HAVE_PRCTL 1
| #define HAVE_PREAD 1
| #define HAVE_PWRITE 1
| #define HAVE_PREAD64 1
| #define HAVE_PWRITE64 1
| #define HAVE_QSORT_R 1
| #define HAVE_SECURE_GETENV 1
| #define HAVE_SETMNTENT 1
| #define HAVE_SETRESGID 1
| #define HAVE_SETRESUID 1
| #define HAVE_SNPRINTF 1
| #define HAVE_SRANDOM 1
| #define HAVE_STPCPY 1
| #define HAVE_STRCASECMP 1
| #define HAVE_STRDUP 1
| #define HAVE_STRNLEN 1
| #define HAVE_STRPTIME 1
| #define HAVE_STRTOULL 1
| #define HAVE_SYNC_FILE_RANGE 1
| #define HAVE_SYSCONF 1
| #define HAVE_USLEEP 1
| #define HAVE_UTIME 1
| #define HAVE_UTIMES 1
| #define HAVE_VALLOC 1
| /* end confdefs.h.  */
| 
| /* Override any GCC internal prototype to avoid an error.
|    Use char because int might match the return type of a GCC
|    builtin and then its argument prototype would still apply.  */
| char socket ();
| int
| main (void)
| {
| return socket ();
|   ;
|   return 0;
| }
configure:13731: result: no
configure:13739: checking for magic_file in -lmagic
configure:13762: gcc -o conftest -g -O2   conftest.c -lmagic   >&5
/usr/bin/ld: cannot find -lmagic: No such file or directory
collect2: error: ld returned 1 exit status
configure:13762: $? = 1
configure: failed program was:
| /* confdefs.h */
| #define PACKAGE_NAME ""
| #define PACKAGE_TARNAME ""
| #define PACKAGE_VERSION ""
| #define PACKAGE_STRING ""
| #define PACKAGE_BUGREPORT ""
| #define PACKAGE_URL ""
| #define HAVE_STDIO_H 1
| #define HAVE_STDLIB_H 1
| #define HAVE_STRING_H 1
| #define HAVE_INTTYPES_H 1
| #define HAVE_STDINT_H 1
| #define HAVE_STRINGS_H 1
| #define HAVE_SYS_STAT_H 1
| #define HAVE_SYS_TYPES_H 1
| #define HAVE_UNISTD_H 1
| #define HAVE_WCHAR_H 1
| #define STDC_HEADERS 1
| #define _ALL_SOURCE 1
| #define _DARWIN_C_SOURCE 1
| #define _GNU_SOURCE 1
| #define _HPUX_ALT_XOPEN_SOCKET_API 1
| #define _NETBSD_SOURCE 1
| #define _OPENBSD_SOURCE 1
| #define _POSIX_PTHREAD_SEMANTICS 1
| #define __STDC_WANT_IEC_60559_ATTRIBS_EXT__ 1
| #define __STDC_WANT_IEC_60559_BFP_EXT__ 1
| #define __STDC_WANT_IEC_60559_DFP_EXT__ 1
| #define __STDC_WANT_IEC_60559_FUNCS_EXT__ 1
| #define __STDC_WANT_IEC_60559_TYPES_EXT__ 1
| #define __STDC_WANT_LIB_EXT2__ 1
| #define __STDC_WANT_MATH_SPEC_FUNCS__ 1
| #define _TANDEM_SOURCE 1
| #define __EXTENSIONS__ 1
| #define CONFIG_TESTIO_DEBUG 1
| #define CONFIG_BUILD_FINDFS 1
| #define TLS __thread
| #define HAVE_PTHREAD_PRIO_INHERIT 1
| #define HAVE_PTHREAD 1
| #define USE_UUIDD 1
| #define CONFIG_MMP 1
| #define ENABLE_BMAP_STATS 1
| #define PACKAGE "e2fsprogs"
| #define VERSION "0.14.1"
| #define HAVE_DIRENT_H 1
| #define HAVE_ERRNO_H 1
| #define HAVE_EXECINFO_H 1
| #define HAVE_GETOPT_H 1
| #define HAVE_MALLOC_H 1
| #define HAVE_MNTENT_H 1
| #define HAVE_PATHS_H 1
| #define HAVE_PTHREAD_H 1
| #define HAVE_SEMAPHORE_H 1
| #define HAVE_SETJMP_H 1
| #define HAVE_SIGNAL_H 1
| #define HAVE_STDARG_H 1
| #define HAVE_STDINT_H 1
| #define HAVE_STDLIB_H 1
| #define HAVE_TERMIOS_H 1
| #define HAVE_TERMIO_H 1
| #define HAVE_UNISTD_H 1
| #define HAVE_UTIME_H 1
| #define HAVE_LINUX_FALLOC_H 1
| #define HAVE_LINUX_FD_H 1
| #define HAVE_LINUX_FSMAP_H 1
| #define HAVE_LINUX_FSVERITY_H 1
| #define HAVE_LINUX_MAJOR_H 1
| #define HAVE_LINUX_LOOP_H 1
| #define HAVE_LINUX_TYPES_H 1
| #define HAVE_NETINET_IN_H 1
| #define HAVE_SYS_FILE_H 1
| #define HAVE_SYS_IOCTL_H 1
| #define HAVE_SYS_MMAN_H 1
| #define HAVE_SYS_MOUNT_H 1
| #define HAVE_SYS_PRCTL_H 1
| #define HAVE_SYS_RANDOM_H 1
| #define HAVE_SYS_RESOURCE_H 1
| #define HAVE_SYS_SELECT_H 1
| #define HAVE_SYS_SOCKET_H 1
| #define HAVE_SYS_STAT_H 1
| #define HAVE_SYS_SYSCALL_H 1
| #define HAVE_SYS_SYSMACROS_H 1
| #define HAVE_SYS_TIME_H 1
| #define HAVE_SYS_TYPES_H 1
| #define HAVE_SYS_UN_H 1
| #define HAVE_SYS_WAIT_H 1
| #define HAVE_SYS_XATTR_H 1
| #define HAVE_NET_IF_H 1
| #define HAVE_VPRINTF 1
| #define HAVE_RECLEN_DIRENT 1
| #define HAVE_STRUCT_STAT_ST_ATIM 1
| #define HAVE_TYPE_SSIZE_T 1
| #define HAVE_LSEEK64_PROTOTYPE 1
| #define HAVE_FSMAP_SIZEOF 1
| #define SIZEOF_SHORT 2
| #define SIZEOF_INT 4
| #define SIZEOF_LONG 8
| #define SIZEOF_LONG_LONG 8
| #define SIZEOF_OFF_T 8
| #define SIZEOF_TIME_T 8
| #define SIZEOF_VOID_P 8
| #define HAVE_INTTYPES_H 1
| #define HAVE_INTPTR_T 1
| #define HAVE_BACKTRACE 1
| #define HAVE_DLOPEN 1
| #define HAVE_FALLOCATE 1
| #define HAVE_FALLOCATE64 1
| #define HAVE_FCHOWN 1
| #define HAVE_FCNTL 1
| #define HAVE_FDATASYNC 1
| #define HAVE_FSTAT64 1
| #define HAVE_FSYNC 1
| #define HAVE_FTRUNCATE64 1
| #define HAVE_FUTIMES 1
| #define HAVE_GETCWD 1
| #define HAVE_GETDTABLESIZE 1
| #define HAVE_GETENTROPY 1
| #define HAVE_GETHOSTNAME 1
| #define HAVE_GETPWUID_R 1
| #define HAVE_GETRANDOM 1
| #define HAVE_GETRLIMIT 1
| #define HAVE_GETRUSAGE 1
| #define HAVE_JRAND48 1
| #define HAVE_LLISTXATTR 1
| #define HAVE_LSEEK64 1
| #define HAVE_MALLINFO 1
| #define HAVE_MALLINFO2 1
| #define HAVE_MBSTOWCS 1
| #define HAVE_MEMALIGN 1
| #define HAVE_MEMPCPY 1
| #define HAVE_MMAP 1
| #define HAVE_MSYNC 1
| #define HAVE_NANOSLEEP 1
| #define HAVE_OPEN64 1
| #define HAVE_PATHCONF 1
| #define HAVE_POSIX_FADVISE 1
| #define HAVE_POSIX_FADVISE64 1
| #define HAVE_POSIX_MEMALIGN 1
| #define HAVE_PRCTL 1
| #define HAVE_PREAD 1
| #define HAVE_PWRITE 1
| #define HAVE_PREAD64 1
| #define HAVE_PWRITE64 1
| #define HAVE_QSORT_R 1
| #define HAVE_SECURE_GETENV 1
| #define HAVE_SETMNTENT 1
| #define HAVE_SETRESGID 1
| #define HAVE_SETRESUID 1
| #define HAVE_SNPRINTF 1
| #define HAVE_SRANDOM 1
| #define HAVE_STPCPY 1
| #define HAVE_STRCASECMP 1
| #define HAVE_STRDUP 1
| #define HAVE_STRNLEN 1
| #define HAVE_STRPTIME 1
| #define HAVE_STRTOULL 1
| #define HAVE_SYNC_FILE_RANGE 1
| #define HAVE_SYSCONF 1
| #define HAVE_USLEEP 1
| #define HAVE_UTIME 1
| #define HAVE_UTIMES 1
| #define HAVE_VALLOC 1
| /* end confdefs.h.  */
| 
| /* Override any GCC internal prototype to avoid an error.
|    Use char because int might match the return type of a GCC
|    builtin and then its argument prototype would still apply.  */
| char magic_file ();
| int
| main (void)
| {
| return magic_file ();
|   ;
|   return 0;
| }
configure:13772: result: no
configure:13823: result: Try testing for libarchive support (with dlopen) by default
configure:13835: checking for libarchive
configure:13842: $PKG_CONFIG --exists --print-errors "libarchive"
Package libarchive was not found in the pkg-config search path.
Perhaps you should add the directory containing `libarchive.pc'
to the PKG_CONFIG_PATH environment variable
Package 'libarchive', required by 'virtual:world', not found
configure:13845: $? = 1
configure:13859: $PKG_CONFIG --exists --print-errors "libarchive"
Package libarchive was not found in the pkg-config search path.
Perhaps you should add the directory containing `libarchive.pc'
to the PKG_CONFIG_PATH environment variable
Package 'libarchive', required by 'virtual:world', not found
configure:13862: $? = 1
configure:13876: result: no
Package 'libarchive', required by 'virtual:world', not found
configure:13893: checking for archive_read_new in -larchive
configure:13916: gcc -o conftest -g -O2   conftest.c -larchive   >&5
/usr/bin/ld: cannot find -larchive: No such file or directory
collect2: error: ld returned 1 exit status
configure:13916: $? = 1
configure: failed program was:
| /* confdefs.h */
| #define PACKAGE_NAME ""
| #define PACKAGE_TARNAME ""
| #define PACKAGE_VERSION ""
| #define PACKAGE_STRING ""
| #define PACKAGE_BUGREPORT ""
| #define PACKAGE_URL ""
| #define HAVE_STDIO_H 1
| #define HAVE_STDLIB_H 1
| #define HAVE_STRING_H 1
| #define HAVE_INTTYPES_H 1
| #define HAVE_STDINT_H 1
| #define HAVE_STRINGS_H 1
| #define HAVE_SYS_STAT_H 1
| #define HAVE_SYS_TYPES_H 1
| #define HAVE_UNISTD_H 1
| #define HAVE_WCHAR_H 1
| #define STDC_HEADERS 1
| #define _ALL_SOURCE 1
| #define _DARWIN_C_SOURCE 1
| #define _GNU_SOURCE 1
| #define _HPUX_ALT_XOPEN_SOCKET_API 1
| #define _NETBSD_SOURCE 1
| #define _OPENBSD_SOURCE 1
| #define _POSIX_PTHREAD_SEMANTICS 1
| #define __STDC_WANT_IEC_60559_ATTRIBS_EXT__ 1
| #define __STDC_WANT_IEC_60559_BFP_EXT__ 1
| #define __STDC_WANT_IEC_60559_DFP_EXT__ 1
| #define __STDC_WANT_IEC_60559_FUNCS_EXT__ 1
| #define __STDC_WANT_IEC_60559_TYPES_EXT__ 1
| #define __STDC_WANT_LIB_EXT2__ 1
| #define __STDC_WANT_MATH_SPEC_FUNCS__ 1
| #define _TANDEM_SOURCE 1
| #define __EXTENSIONS__ 1
| #define CONFIG_TESTIO_DEBUG 1
| #define CONFIG_BUILD_FINDFS 1
| #define TLS __thread
| #define HAVE_PTHREAD_PRIO_INHERIT 1
| #define HAVE_PTHREAD 1
| #define USE_UUIDD 1
| #define CONFIG_MMP 1
| #define ENABLE_BMAP_STATS 1
| #define PACKAGE "e2fsprogs"
| #define VERSION "0.14.1"
| #define HAVE_DIRENT_H 1
| #define HAVE_ERRNO_H 1
| #define HAVE_EXECINFO_H 1
| #define HAVE_GETOPT_H 1
| #define HAVE_MALLOC_H 1
| #define HAVE_MNTENT_H 1
| #define HAVE_PATHS_H 1
| #define HAVE_PTHREAD_H 1
| #define HAVE_SEMAPHORE_H 1
| #define HAVE_SETJMP_H 1
| #define HAVE_SIGNAL_H 1
| #define HAVE_STDARG_H 1
| #define HAVE_STDINT_H 1
| #define HAVE_STDLIB_H 1
| #define HAVE_TERMIOS_H 1
| #define HAVE_TERMIO_H 1
| #define HAVE_UNISTD_H 1
| #define HAVE_UTIME_H 1
| #define HAVE_LINUX_FALLOC_H 1
| #define HAVE_LINUX_FD_H 1
| #define HAVE_LINUX_FSMAP_H 1
| #define HAVE_LINUX_FSVERITY_H 1
| #define HAVE_LINUX_MAJOR_H 1
| #define HAVE_LINUX_LOOP_H 1
| #define HAVE_LINUX_TYPES_H 1
| #define HAVE_NETINET_IN_H 1
| #define HAVE_SYS_FILE_H 1
| #define HAVE_SYS_IOCTL_H 1
| #define HAVE_SYS_MMAN_H 1
| #define HAVE_SYS_MOUNT_H 1
| #define HAVE_SYS_PRCTL_H 1
| #define HAVE_SYS_RANDOM_H 1
| #define HAVE_SYS_RESOURCE_H 1
| #define HAVE_SYS_SELECT_H 1
| #define HAVE_SYS_SOCKET_H 1
| #define HAVE_SYS_STAT_H 1
| #define HAVE_SYS_SYSCALL_H 1
| #define HAVE_SYS_SYSMACROS_H 1
| #define HAVE_SYS_TIME_H 1
| #define HAVE_SYS_TYPES_H 1
| #define HAVE_SYS_UN_H 1
| #define HAVE_SYS_WAIT_H 1
| #define HAVE_SYS_XATTR_H 1
| #define HAVE_NET_IF_H 1
| #define HAVE_VPRINTF 1
| #define HAVE_RECLEN_DIRENT 1
| #define HAVE_STRUCT_STAT_ST_ATIM 1
| #define HAVE_TYPE_SSIZE_T 1
| #define HAVE_LSEEK64_PROTOTYPE 1
| #define HAVE_FSMAP_SIZEOF 1
| #define SIZEOF_SHORT 2
| #define SIZEOF_INT 4
| #define SIZEOF_LONG 8
| #define SIZEOF_LONG_LONG 8
| #define SIZEOF_OFF_T 8
| #define SIZEOF_TIME_T 8
| #define SIZEOF_VOID_P 8
| #define HAVE_INTTYPES_H 1
| #define HAVE_INTPTR_T 1
| #define HAVE_BACKTRACE 1
| #define HAVE_DLOPEN 1
| #define HAVE_FALLOCATE 1
| #define HAVE_FALLOCATE64 1
| #define HAVE_FCHOWN 1
| #define HAVE_FCNTL 1
| #define HAVE_FDATASYNC 1
| #define HAVE_FSTAT64 1
| #define HAVE_FSYNC 1
| #define HAVE_FTRUNCATE64 1
| #define HAVE_FUTIMES 1
| #define HAVE_GETCWD 1
| #define HAVE_GETDTABLESIZE 1
| #define HAVE_GETENTROPY 1
| #define HAVE_GETHOSTNAME 1
| #define HAVE_GETPWUID_R 1
| #define HAVE_GETRANDOM 1
| #define HAVE_GETRLIMIT 1
| #define HAVE_GETRUSAGE 1
| #define HAVE_JRAND48 1
| #define HAVE_LLISTXATTR 1
| #define HAVE_LSEEK64 1
| #define HAVE_MALLINFO 1
| #define HAVE_MALLINFO2 1
| #define HAVE_MBSTOWCS 1
| #define HAVE_MEMALIGN 1
| #define HAVE_MEMPCPY 1
| #define HAVE_MMAP 1
| #define HAVE_MSYNC 1
| #define HAVE_NANOSLEEP 1
| #define HAVE_OPEN64 1
| #define HAVE_PATHCONF 1
| #define HAVE_POSIX_FADVISE 1
| #define HAVE_POSIX_FADVISE64 1
| #define HAVE_POSIX_MEMALIGN 1
| #define HAVE_PRCTL 1
| #define HAVE_PREAD 1
| #define HAVE_PWRITE 1
| #define HAVE_PREAD64 1
| #define HAVE_PWRITE64 1
| #define HAVE_QSORT_R 1
| #define HAVE_SECURE_GETENV 1
| #define HAVE_SETMNTENT 1
| #define HAVE_SETRESGID 1
| #define HAVE_SETRESUID 1
| #define HAVE_SNPRINTF 1
| #define HAVE_SRANDOM 1
| #define HAVE_STPCPY 1
| #define HAVE_STRCASECMP 1
| #define HAVE_STRDUP 1
| #define HAVE_STRNLEN 1
| #define HAVE_STRPTIME 1
| #define HAVE_STRTOULL 1
| #define HAVE_SYNC_FILE_RANGE 1
| #define HAVE_SYSCONF 1
| #define HAVE_USLEEP 1
| #define HAVE_UTIME 1
| #define HAVE_UTIMES 1
| #define HAVE_VALLOC 1
| /* end confdefs.h.  */
| 
| /* Override any GCC internal prototype to avoid an error.
|    Use char because int might match the return type of a GCC
|    builtin and then its argument prototype would still apply.  */
| char archive_read_new ();
| int
| main (void)
| {
| return archive_read_new ();
|   ;
|   return 0;
| }
configure:13926: result: no
configure:14011: checking for clock_gettime in -lrt
configure:14034: gcc -o conftest -g -O2   conftest.c -lrt   >&5
configure:14034: $? = 0
configure:14044: result: yes
configure:14389: checking for fuse3
configure:14396: $PKG_CONFIG --exists --print-errors "fuse3"
Package fuse3 was not found in the pkg-config search path.
Perhaps you should add the directory containing `fuse3.pc'
to the PKG_CONFIG_PATH environment variable
Package 'fuse3', required by 'virtual:world', not found
configure:14399: $? = 1
configure:14413: $PKG_CONFIG --exists --print-errors "fuse3"
Package fuse3 was not found in the pkg-config search path.
Perhaps you should add the directory containing `fuse3.pc'
to the PKG_CONFIG_PATH environment variable
Package 'fuse3', required by 'virtual:world', not found
configure:14416: $? = 1
configure:14430: result: no
Package 'fuse3', required by 'virtual:world', not found
configure:14450: checking for pthread.h
configure:14450: result: yes
configure:14450: checking for fuse.h
configure:14450: gcc -c -g -O2  conftest.c >&5
conftest.c:173:10: fatal error: fuse.h: No such file or directory
  173 | #include <fuse.h>
      |          ^~~~~~~~
compilation terminated.
configure:14450: $? = 1
configure: failed program was:
| /* confdefs.h */
| #define PACKAGE_NAME ""
| #define PACKAGE_TARNAME ""
| #define PACKAGE_VERSION ""
| #define PACKAGE_STRING ""
| #define PACKAGE_BUGREPORT ""
| #define PACKAGE_URL ""
| #define HAVE_STDIO_H 1
| #define HAVE_STDLIB_H 1
| #define HAVE_STRING_H 1
| #define HAVE_INTTYPES_H 1
| #define HAVE_STDINT_H 1
| #define HAVE_STRINGS_H 1
| #define HAVE_SYS_STAT_H 1
| #define HAVE_SYS_TYPES_H 1
| #define HAVE_UNISTD_H 1
| #define HAVE_WCHAR_H 1
| #define STDC_HEADERS 1
| #define _ALL_SOURCE 1
| #define _DARWIN_C_SOURCE 1
| #define _GNU_SOURCE 1
| #define _HPUX_ALT_XOPEN_SOCKET_API 1
| #define _NETBSD_SOURCE 1
| #define _OPENBSD_SOURCE 1
| #define _POSIX_PTHREAD_SEMANTICS 1
| #define __STDC_WANT_IEC_60559_ATTRIBS_EXT__ 1
| #define __STDC_WANT_IEC_60559_BFP_EXT__ 1
| #define __STDC_WANT_IEC_60559_DFP_EXT__ 1
| #define __STDC_WANT_IEC_60559_FUNCS_EXT__ 1
| #define __STDC_WANT_IEC_60559_TYPES_EXT__ 1
| #define __STDC_WANT_LIB_EXT2__ 1
| #define __STDC_WANT_MATH_SPEC_FUNCS__ 1
| #define _TANDEM_SOURCE 1
| #define __EXTENSIONS__ 1
| #define CONFIG_TESTIO_DEBUG 1
| #define CONFIG_BUILD_FINDFS 1
| #define TLS __thread
| #define HAVE_PTHREAD_PRIO_INHERIT 1
| #define HAVE_PTHREAD 1
| #define USE_UUIDD 1
| #define CONFIG_MMP 1
| #define ENABLE_BMAP_STATS 1
| #define PACKAGE "e2fsprogs"
| #define VERSION "0.14.1"
| #define HAVE_DIRENT_H 1
| #define HAVE_ERRNO_H 1
| #define HAVE_EXECINFO_H 1
| #define HAVE_GETOPT_H 1
| #define HAVE_MALLOC_H 1
| #define HAVE_MNTENT_H 1
| #define HAVE_PATHS_H 1
| #define HAVE_PTHREAD_H 1
| #define HAVE_SEMAPHORE_H 1
| #define HAVE_SETJMP_H 1
| #define HAVE_SIGNAL_H 1
| #define HAVE_STDARG_H 1
| #define HAVE_STDINT_H 1
| #define HAVE_STDLIB_H 1
| #define HAVE_TERMIOS_H 1
| #define HAVE_TERMIO_H 1
| #define HAVE_UNISTD_H 1
| #define HAVE_UTIME_H 1
| #define HAVE_LINUX_FALLOC_H 1
| #define HAVE_LINUX_FD_H 1
| #define HAVE_LINUX_FSMAP_H 1
| #define HAVE_LINUX_FSVERITY_H 1
| #define HAVE_LINUX_MAJOR_H 1
| #define HAVE_LINUX_LOOP_H 1
| #define HAVE_LINUX_TYPES_H 1
| #define HAVE_NETINET_IN_H 1
| #define HAVE_SYS_FILE_H 1
| #define HAVE_SYS_IOCTL_H 1
| #define HAVE_SYS_MMAN_H 1
| #define HAVE_SYS_MOUNT_H 1
| #define HAVE_SYS_PRCTL_H 1
| #define HAVE_SYS_RANDOM_H 1
| #define HAVE_SYS_RESOURCE_H 1
| #define HAVE_SYS_SELECT_H 1
| #define HAVE_SYS_SOCKET_H 1
| #define HAVE_SYS_STAT_H 1
| #define HAVE_SYS_SYSCALL_H 1
| #define HAVE_SYS_SYSMACROS_H 1
| #define HAVE_SYS_TIME_H 1
| #define HAVE_SYS_TYPES_H 1
| #define HAVE_SYS_UN_H 1
| #define HAVE_SYS_WAIT_H 1
| #define HAVE_SYS_XATTR_H 1
| #define HAVE_NET_IF_H 1
| #define HAVE_VPRINTF 1
| #define HAVE_RECLEN_DIRENT 1
| #define HAVE_STRUCT_STAT_ST_ATIM 1
| #define HAVE_TYPE_SSIZE_T 1
| #define HAVE_LSEEK64_PROTOTYPE 1
| #define HAVE_FSMAP_SIZEOF 1
| #define SIZEOF_SHORT 2
| #define SIZEOF_INT 4
| #define SIZEOF_LONG 8
| #define SIZEOF_LONG_LONG 8
| #define SIZEOF_OFF_T 8
| #define SIZEOF_TIME_T 8
| #define SIZEOF_VOID_P 8
| #define HAVE_INTTYPES_H 1
| #define HAVE_INTPTR_T 1
| #define HAVE_BACKTRACE 1
| #define HAVE_DLOPEN 1
| #define HAVE_FALLOCATE 1
| #define HAVE_FALLOCATE64 1
| #define HAVE_FCHOWN 1
| #define HAVE_FCNTL 1
| #define HAVE_FDATASYNC 1
| #define HAVE_FSTAT64 1
| #define HAVE_FSYNC 1
| #define HAVE_FTRUNCATE64 1
| #define HAVE_FUTIMES 1
| #define HAVE_GETCWD 1
| #define HAVE_GETDTABLESIZE 1
| #define HAVE_GETENTROPY 1
| #define HAVE_GETHOSTNAME 1
| #define HAVE_GETPWUID_R 1
| #define HAVE_GETRANDOM 1
| #define HAVE_GETRLIMIT 1
| #define HAVE_GETRUSAGE 1
| #define HAVE_JRAND48 1
| #define HAVE_LLISTXATTR 1
| #define HAVE_LSEEK64 1
| #define HAVE_MALLINFO 1
| #define HAVE_MALLINFO2 1
| #define HAVE_MBSTOWCS 1
| #define HAVE_MEMALIGN 1
| #define HAVE_MEMPCPY 1
| #define HAVE_MMAP 1
| #define HAVE_MSYNC 1
| #define HAVE_NANOSLEEP 1
| #define HAVE_OPEN64 1
| #define HAVE_PATHCONF 1
| #define HAVE_POSIX_FADVISE 1
| #define HAVE_POSIX_FADVISE64 1
| #define HAVE_POSIX_MEMALIGN 1
| #define HAVE_PRCTL 1
| #define HAVE_PREAD 1
| #define HAVE_PWRITE 1
| #define HAVE_PREAD64 1
| #define HAVE_PWRITE64 1
| #define HAVE_QSORT_R 1
| #define HAVE_SECURE_GETENV 1
| #define HAVE_SETMNTENT 1
| #define HAVE_SETRESGID 1
| #define HAVE_SETRESUID 1
| #define HAVE_SNPRINTF 1
| #define HAVE_SRANDOM 1
| #define HAVE_STPCPY 1
| #define HAVE_STRCASECMP 1
| #define HAVE_STRDUP 1
| #define HAVE_STRNLEN 1
| #define HAVE_STRPTIME 1
| #define HAVE_STRTOULL 1
| #define HAVE_SYNC_FILE_RANGE 1
| #define HAVE_SYSCONF 1
| #define HAVE_USLEEP 1
| #define HAVE_UTIME 1
| #define HAVE_UTIMES 1
| #define HAVE_VALLOC 1
| #define HAVE_PTHREAD_H 1
| /* end confdefs.h.  */
| #define _FILE_OFFSET_BITS	64
| #define FUSE_USE_VERSION 29
| #ifdef __linux__
| # include <linux/fs.h>
| # include <linux/falloc.h>
| # include <linux/xattr.h>
| #endif
| 
| #include <fuse.h>
configure:14450: result: no
configure:14728: checking for optreset
configure:14749: result: no
configure:14761: checking for sem_init
configure:14761: gcc -o conftest -g -O2   conftest.c  >&5
configure:14761: $? = 0
configure:14761: result: yes
configure:14900: checking whether qsort_r is GNU version
configure:14922: gcc -c -g -O2  conftest.c >&5
configure:14922: $? = 0
configure:14931: result: yes
configure:14933: checking whether qsort_r is BSD version
configure:14954: gcc -c -g -O2  conftest.c >&5
conftest.c:167:7: error: conflicting types for 'qsort_r'; have 'void(void *, size_t,  size_t,  void *, int (*)(void *, const void *, const void *))' {aka 'void(void *, long unsigned int,  long unsigned int,  void *, int (*)(void *, const void *, const void *))'}
  167 | void (qsort_r)(void *base, size_t nmemb, size_t size,
      |       ^~~~~~~
In file included from conftest.c:166:
/usr/include/stdlib.h:973:13: note: previous declaration of 'qsort_r' with type 'void(void *, size_t,  size_t,  int (*)(const void *, const void *, void *), void *)' {aka 'void(void *, long unsigned int,  long unsigned int,  int (*)(const void *, const void *, void *), void *)'}
  973 | extern void qsort_r (void *__base, size_t __nmemb, size_t __size,
      |             ^~~~~~~
configure:14954: $? = 1
configure: failed program was:
| /* confdefs.h */
| #define PACKAGE_NAME ""
| #define PACKAGE_TARNAME ""
| #define PACKAGE_VERSION ""
| #define PACKAGE_STRING ""
| #define PACKAGE_BUGREPORT ""
| #define PACKAGE_URL ""
| #define HAVE_STDIO_H 1
| #define HAVE_STDLIB_H 1
| #define HAVE_STRING_H 1
| #define HAVE_INTTYPES_H 1
| #define HAVE_STDINT_H 1
| #define HAVE_STRINGS_H 1
| #define HAVE_SYS_STAT_H 1
| #define HAVE_SYS_TYPES_H 1
| #define HAVE_UNISTD_H 1
| #define HAVE_WCHAR_H 1
| #define STDC_HEADERS 1
| #define _ALL_SOURCE 1
| #define _DARWIN_C_SOURCE 1
| #define _GNU_SOURCE 1
| #define _HPUX_ALT_XOPEN_SOCKET_API 1
| #define _NETBSD_SOURCE 1
| #define _OPENBSD_SOURCE 1
| #define _POSIX_PTHREAD_SEMANTICS 1
| #define __STDC_WANT_IEC_60559_ATTRIBS_EXT__ 1
| #define __STDC_WANT_IEC_60559_BFP_EXT__ 1
| #define __STDC_WANT_IEC_60559_DFP_EXT__ 1
| #define __STDC_WANT_IEC_60559_FUNCS_EXT__ 1
| #define __STDC_WANT_IEC_60559_TYPES_EXT__ 1
| #define __STDC_WANT_LIB_EXT2__ 1
| #define __STDC_WANT_MATH_SPEC_FUNCS__ 1
| #define _TANDEM_SOURCE 1
| #define __EXTENSIONS__ 1
| #define CONFIG_TESTIO_DEBUG 1
| #define CONFIG_BUILD_FINDFS 1
| #define TLS __thread
| #define HAVE_PTHREAD_PRIO_INHERIT 1
| #define HAVE_PTHREAD 1
| #define USE_UUIDD 1
| #define CONFIG_MMP 1
| #define ENABLE_BMAP_STATS 1
| #define PACKAGE "e2fsprogs"
| #define VERSION "0.14.1"
| #define HAVE_DIRENT_H 1
| #define HAVE_ERRNO_H 1
| #define HAVE_EXECINFO_H 1
| #define HAVE_GETOPT_H 1
| #define HAVE_MALLOC_H 1
| #define HAVE_MNTENT_H 1
| #define HAVE_PATHS_H 1
| #define HAVE_PTHREAD_H 1
| #define HAVE_SEMAPHORE_H 1
| #define HAVE_SETJMP_H 1
| #define HAVE_SIGNAL_H 1
| #define HAVE_STDARG_H 1
| #define HAVE_STDINT_H 1
| #define HAVE_STDLIB_H 1
| #define HAVE_TERMIOS_H 1
| #define HAVE_TERMIO_H 1
| #define HAVE_UNISTD_H 1
| #define HAVE_UTIME_H 1
| #define HAVE_LINUX_FALLOC_H 1
| #define HAVE_LINUX_FD_H 1
| #define HAVE_LINUX_FSMAP_H 1
| #define HAVE_LINUX_FSVERITY_H 1
| #define HAVE_LINUX_MAJOR_H 1
| #define HAVE_LINUX_LOOP_H 1
| #define HAVE_LINUX_TYPES_H 1
| #define HAVE_NETINET_IN_H 1
| #define HAVE_SYS_FILE_H 1
| #define HAVE_SYS_IOCTL_H 1
| #define HAVE_SYS_MMAN_H 1
| #define HAVE_SYS_MOUNT_H 1
| #define HAVE_SYS_PRCTL_H 1
| #define HAVE_SYS_RANDOM_H 1
| #define HAVE_SYS_RESOURCE_H 1
| #define HAVE_SYS_SELECT_H 1
| #define HAVE_SYS_SOCKET_H 1
| #define HAVE_SYS_STAT_H 1
| #define HAVE_SYS_SYSCALL_H 1
| #define HAVE_SYS_SYSMACROS_H 1
| #define HAVE_SYS_TIME_H 1
| #define HAVE_SYS_TYPES_H 1
| #define HAVE_SYS_UN_H 1
| #define HAVE_SYS_WAIT_H 1
| #define HAVE_SYS_XATTR_H 1
| #define HAVE_NET_IF_H 1
| #define HAVE_VPRINTF 1
| #define HAVE_RECLEN_DIRENT 1
| #define HAVE_STRUCT_STAT_ST_ATIM 1
| #define HAVE_TYPE_SSIZE_T 1
| #define HAVE_LSEEK64_PROTOTYPE 1
| #define HAVE_FSMAP_SIZEOF 1
| #define SIZEOF_SHORT 2
| #define SIZEOF_INT 4
| #define SIZEOF_LONG 8
| #define SIZEOF_LONG_LONG 8
| #define SIZEOF_OFF_T 8
| #define SIZEOF_TIME_T 8
| #define SIZEOF_VOID_P 8
| #define HAVE_INTTYPES_H 1
| #define HAVE_INTPTR_T 1
| #define HAVE_BACKTRACE 1
| #define HAVE_DLOPEN 1
| #define HAVE_FALLOCATE 1
| #define HAVE_FALLOCATE64 1
| #define HAVE_FCHOWN 1
| #define HAVE_FCNTL 1
| #define HAVE_FDATASYNC 1
| #define HAVE_FSTAT64 1
| #define HAVE_FSYNC 1
| #define HAVE_FTRUNCATE64 1
| #define HAVE_FUTIMES 1
| #define HAVE_GETCWD 1
| #define HAVE_GETDTABLESIZE 1
| #define HAVE_GETENTROPY 1
| #define HAVE_GETHOSTNAME 1
| #define HAVE_GETPWUID_R 1
| #define HAVE_GETRANDOM 1
| #define HAVE_GETRLIMIT 1
| #define HAVE_GETRUSAGE 1
| #define HAVE_JRAND48 1
| #define HAVE_LLISTXATTR 1
| #define HAVE_LSEEK64 1
| #define HAVE_MALLINFO 1
| #define HAVE_MALLINFO2 1
| #define HAVE_MBSTOWCS 1
| #define HAVE_MEMALIGN 1
| #define HAVE_MEMPCPY 1
| #define HAVE_MMAP 1
| #define HAVE_MSYNC 1
| #define HAVE_NANOSLEEP 1
| #define HAVE_OPEN64 1
| #define HAVE_PATHCONF 1
| #define HAVE_POSIX_FADVISE 1
| #define HAVE_POSIX_FADVISE64 1
| #define HAVE_POSIX_MEMALIGN 1
| #define HAVE_PRCTL 1
| #define HAVE_PREAD 1
| #define HAVE_PWRITE 1
| #define HAVE_PREAD64 1
| #define HAVE_PWRITE64 1
| #define HAVE_QSORT_R 1
| #define HAVE_SECURE_GETENV 1
| #define HAVE_SETMNTENT 1
| #define HAVE_SETRESGID 1
| #define HAVE_SETRESUID 1
| #define HAVE_SNPRINTF 1
| #define HAVE_SRANDOM 1
| #define HAVE_STPCPY 1
| #define HAVE_STRCASECMP 1
| #define HAVE_STRDUP 1
| #define HAVE_STRNLEN 1
| #define HAVE_STRPTIME 1
| #define HAVE_STRTOULL 1
| #define HAVE_SYNC_FILE_RANGE 1
| #define HAVE_SYSCONF 1
| #define HAVE_USLEEP 1
| #define HAVE_UTIME 1
| #define HAVE_UTIMES 1
| #define HAVE_VALLOC 1
| #define HAVE_PTHREAD_H 1
| /* end confdefs.h.  */
| 
| #include <stdlib.h>
| void (qsort_r)(void *base, size_t nmemb, size_t size,
| 	     void *arg, int (*compar)(void *, const void *, const void *));
| 
| int
| main (void)
| {
| 
|   ;
|   return 0;
| }
configure:14963: result: no
configure:14983: checking for unified diff option
configure:14990: result: -u
configure:15013: gcc -c -g -O2  conftest.c >&5
configure:15013: $? = 0
configure:15062: gcc -c -g -O2  conftest.c >&5
configure:15062: $? = 0
configure:15853: result: On linux-gnu systems, root_prefix defaults to ''
configure:15862: result: On linux-gnu systems, prefix defaults to /usr
configure:15927: checking whether we can link with -static
configure:15945: gcc -o conftest -g -O2   -static conftest.c  >&5
configure:15945: $? = 0
configure:15961: result: yes
configure:16028: checking for udev
configure:16035: $PKG_CONFIG --exists --print-errors "udev"
configure:16038: $? = 0
configure:16052: $PKG_CONFIG --exists --print-errors "udev"
configure:16055: $? = 0
configure:16097: result: yes
configure:16105: checking for udev rules dir
configure:16111: result: /usr/lib/udev/rules.d
configure:16154: checking for system crontab dir
configure:16160: result: /etc/cron.d
configure:16197: checking for systemd
configure:16204: $PKG_CONFIG --exists --print-errors "systemd"
configure:16207: $? = 0
configure:16221: $PKG_CONFIG --exists --print-errors "systemd"
configure:16224: $? = 0
configure:16266: result: yes
configure:16275: checking for systemd system unit dir
configure:16281: result: /usr/lib/systemd/system
configure:16446: creating ./config.status

## ---------------------- ##
## Running config.status. ##
## ---------------------- ##

This file was extended by config.status, which was
generated by GNU Autoconf 2.71.  Invocation command line was

  CONFIG_FILES    = 
  CONFIG_HEADERS  = 
  CONFIG_LINKS    = 
  CONFIG_COMMANDS = 
  $ ./config.status 

on runnervm46oaq

config.status:1172: creating MCONFIG
config.status:1172: creating Makefile
config.status:1172: creating util/Makefile
config.status:1172: creating util/subst.conf
config.status:1172: creating util/gen-tarball
config.status:1172: creating util/install-symlink
config.status:1172: creating lib/et/Makefile
config.status:1172: creating lib/ss/Makefile
config.status:1172: creating lib/e2p/Makefile
config.status:1172: creating lib/ext2fs/Makefile
config.status:1172: creating lib/ext2fs/ext2_types.h
config.status:1172: creating lib/uuid/Makefile
config.status:1172: creating lib/uuid/uuid.pc
config.status:1172: creating lib/uuid/uuid_types.h
config.status:1172: creating lib/blkid/Makefile
config.status:1172: creating lib/blkid/blkid.pc
config.status:1172: creating lib/blkid/blkid_types.h
config.status:1172: creating lib/support/Makefile
config.status:1172: creating lib/ss/ss.pc
config.status:1172: creating lib/et/com_err.pc
config.status:1172: creating lib/e2p/e2p.pc
config.status:1172: creating lib/ext2fs/ext2fs.pc
config.status:1172: creating misc/Makefile
config.status:1172: creating ext2ed/Makefile
config.status:1172: creating e2fsck/Makefile
config.status:1172: creating debugfs/Makefile
config.status:1172: creating tests/Makefile
config.status:1172: creating tests/progs/Makefile
config.status:1172: creating tests/fuzz/Makefile
config.status:1172: creating resize/Makefile
config.status:1172: creating doc/Makefile
config.status:1172: creating po/Makefile.in
config.status:1172: creating scrub/Makefile
config.status:1172: creating lib/config.h
config.status:1357: executing po-directories commands
configure:17781: WARNING: unrecognized options: --disable-threads

## ---------------- ##
## Cache variables. ##
## ---------------- ##

_cv_gnu_make_command=make
ac_cv_build=x86_64-pc-linux-gnu
ac_cv_c_bigendian=no
ac_cv_c_compiler_gnu=yes
ac_cv_c_undeclared_builtin_options='none needed'
ac_cv_e2fsprogs_use_static=yes
ac_cv_env_ARCHIVE_CFLAGS_set=
ac_cv_env_ARCHIVE_CFLAGS_value=
ac_cv_env_ARCHIVE_LIBS_set=
ac_cv_env_ARCHIVE_LIBS_value=
ac_cv_env_CCC_set=
ac_cv_env_CCC_value=
ac_cv_env_CC_set=
ac_cv_env_CC_value=
ac_cv_env_CFLAGS_set=
ac_cv_env_CFLAGS_value=
ac_cv_env_CPPFLAGS_set=
ac_cv_env_CPPFLAGS_value=
ac_cv_env_CPP_set=
ac_cv_env_CPP_value=
ac_cv_env_CXXFLAGS_set=
ac_cv_env_CXXFLAGS_value=
ac_cv_env_CXX_set=
ac_cv_env_CXX_value=
ac_cv_env_LDFLAGS_set=
ac_cv_env_LDFLAGS_value=
ac_cv_env_LIBS_set=
ac_cv_env_LIBS_value=
ac_cv_env_PKG_CONFIG_LIBDIR_set=
ac_cv_env_PKG_CONFIG_LIBDIR_value=
ac_cv_env_PKG_CONFIG_PATH_set=
ac_cv_env_PKG_CONFIG_PATH_value=
ac_cv_env_PKG_CONFIG_set=
ac_cv_env_PKG_CONFIG_value=
ac_cv_env_build_alias_set=
ac_cv_env_build_alias_value=
ac_cv_env_fuse3_CFLAGS_set=
ac_cv_env_fuse3_CFLAGS_value=
ac_cv_env_fuse3_LIBS_set=
ac_cv_env_fuse3_LIBS_value=
ac_cv_env_host_alias_set=
ac_cv_env_host_alias_value=
ac_cv_env_systemd_CFLAGS_set=
ac_cv_env_systemd_CFLAGS_value=
ac_cv_env_systemd_LIBS_set=
ac_cv_env_systemd_LIBS_value=
ac_cv_env_target_alias_set=
ac_cv_env_target_alias_value=
ac_cv_env_udev_CFLAGS_set=
ac_cv_env_udev_CFLAGS_value=
ac_cv_env_udev_LIBS_set=
ac_cv_env_udev_LIBS_value=
ac_cv_func___secure_getenv=no
ac_cv_func_add_key=no
ac_cv_func_backtrace=yes
ac_cv_func_chflags=no
ac_cv_func_dlopen=yes
ac_cv_func_fadvise64=no
ac_cv_func_fallocate64=yes
ac_cv_func_fallocate=yes
ac_cv_func_fchown=yes
ac_cv_func_fcntl=yes
ac_cv_func_fdatasync=yes
ac_cv_func_fstat64=yes
ac_cv_func_fsync=yes
ac_cv_func_ftruncate64=yes
ac_cv_func_futimes=yes
ac_cv_func_getcwd=yes
ac_cv_func_getdtablesize=yes
ac_cv_func_getentropy=yes
ac_cv_func_gethostname=yes
ac_cv_func_getmntinfo=no
ac_cv_func_getpwuid_r=yes
ac_cv_func_getrandom=yes
ac_cv_func_getrlimit=yes
ac_cv_func_getrusage=yes
ac_cv_func_jrand48=yes
ac_cv_func_keyctl=no
ac_cv_func_llistxattr=yes
ac_cv_func_llseek=no
ac_cv_func_lseek64=yes
ac_cv_func_mallinfo2=yes
ac_cv_func_mallinfo=yes
ac_cv_func_mbstowcs=yes
ac_cv_func_memalign=yes
ac_cv_func_mempcpy=yes
ac_cv_func_mmap=yes
ac_cv_func_msync=yes
ac_cv_func_nanosleep=yes
ac_cv_func_open64=yes
ac_cv_func_pathconf=yes
ac_cv_func_posix_fadvise64=yes
ac_cv_func_posix_fadvise=yes
ac_cv_func_posix_memalign=yes
ac_cv_func_prctl=yes
ac_cv_func_pread64=yes
ac_cv_func_pread=yes
ac_cv_func_pwrite64=yes
ac_cv_func_pwrite=yes
ac_cv_func_qsort_r=yes
ac_cv_func_secure_getenv=yes
ac_cv_func_sem_init=yes
ac_cv_func_setmntent=yes
ac_cv_func_setresgid=yes
ac_cv_func_setresuid=yes
ac_cv_func_snprintf=yes
ac_cv_func_srandom=yes
ac_cv_func_stpcpy=yes
ac_cv_func_strcasecmp=yes
ac_cv_func_strdup=yes
ac_cv_func_strnlen=yes
ac_cv_func_strptime=yes
ac_cv_func_strtoull=yes
ac_cv_func_sync_file_range=yes
ac_cv_func_sysconf=yes
ac_cv_func_usleep=yes
ac_cv_func_utime=yes
ac_cv_func_utimes=yes
ac_cv_func_valloc=yes
ac_cv_func_vprintf=yes
ac_cv_have_decl_fsmap_sizeof=yes
ac_cv_have_decl_llseek=no
ac_cv_have_decl_lseek64=yes
ac_cv_have_optreset=no
ac_cv_header_attr_xattr_h=no
ac_cv_header_dirent_h=yes
ac_cv_header_errno_h=yes
ac_cv_header_execinfo_h=yes
ac_cv_header_fuse_h=no
ac_cv_header_getopt_h=yes
ac_cv_header_inttypes_h=yes
ac_cv_header_linux_falloc_h=yes
ac_cv_header_linux_fd_h=yes
ac_cv_header_linux_fsmap_h=yes
ac_cv_header_linux_fsverity_h=yes
ac_cv_header_linux_loop_h=yes
ac_cv_header_linux_major_h=yes
ac_cv_header_linux_types_h=yes
ac_cv_header_malloc_h=yes
ac_cv_header_minix_config_h=no
ac_cv_header_mntent_h=yes
ac_cv_header_net_if_dl_h=no
ac_cv_header_net_if_h=yes
ac_cv_header_netinet_in_h=yes
ac_cv_header_paths_h=yes
ac_cv_header_pthread_h=yes
ac_cv_header_semaphore_h=yes
ac_cv_header_setjmp_h=yes
ac_cv_header_signal_h=yes
ac_cv_header_stdarg_h=yes
ac_cv_header_stdint_h=yes
ac_cv_header_stdio_h=yes
ac_cv_header_stdlib_h=yes
ac_cv_header_string_h=yes
ac_cv_header_strings_h=yes
ac_cv_header_sys_acl_h=no
ac_cv_header_sys_disk_h=no
ac_cv_header_sys_disklabel_h=no
ac_cv_header_sys_file_h=yes
ac_cv_header_sys_ioctl_h=yes
ac_cv_header_sys_key_h=no
ac_cv_header_sys_mkdev_h=no
ac_cv_header_sys_mman_h=yes
ac_cv_header_sys_mount_h=yes
ac_cv_header_sys_prctl_h=yes
ac_cv_header_sys_random_h=yes
ac_cv_header_sys_resource_h=yes
ac_cv_header_sys_select_h=yes
ac_cv_header_sys_socket_h=yes
ac_cv_header_sys_sockio_h=no
ac_cv_header_sys_stat_h=yes
ac_cv_header_sys_syscall_h=yes
ac_cv_header_sys_sysmacros_h=yes
ac_cv_header_sys_time_h=yes
ac_cv_header_sys_types_h=yes
ac_cv_header_sys_un_h=yes
ac_cv_header_sys_wait_h=yes
ac_cv_header_sys_xattr_h=yes
ac_cv_header_termio_h=yes
ac_cv_header_termios_h=yes
ac_cv_header_unistd_h=yes
ac_cv_header_utime_h=yes
ac_cv_header_wchar_h=yes
ac_cv_host=x86_64-pc-linux-gnu
ac_cv_lib_archive_archive_read_new=no
ac_cv_lib_blkid_blkid_get_cache=no
ac_cv_lib_dl_dlopen=yes
ac_cv_lib_magic_magic_file=no
ac_cv_lib_rt_clock_gettime=yes
ac_cv_lib_socket_socket=no
ac_cv_lib_uuid_uuid_generate=no
ac_cv_member_struct_dirent_d_reclen=yes
ac_cv_member_struct_sockaddr_sa_len=no
ac_cv_member_struct_stat_st_atim=yes
ac_cv_mount_nodev=yes
ac_cv_mount_nosuid=yes
ac_cv_objext=o
ac_cv_path_CHMOD=/usr/bin/chmod
ac_cv_path_CP=/usr/bin/cp
ac_cv_path_EGREP='/usr/bin/grep -E'
ac_cv_path_GMSGFMT=:
ac_cv_path_GREP=/usr/bin/grep
ac_cv_path_LDCONFIG=/usr/sbin/ldconfig
ac_cv_path_LN=/usr/bin/ln
ac_cv_path_MSGFMT=:
ac_cv_path_MSGMERGE=:
ac_cv_path_MV=/usr/bin/mv
ac_cv_path_PERL=/usr/bin/perl
ac_cv_path_RM=/usr/bin/rm
ac_cv_path_SED=/usr/bin/sed
ac_cv_path_XGETTEXT=:
ac_cv_path_ac_pt_PKG_CONFIG=/usr/bin/pkg-config
ac_cv_path_install='/usr/bin/install -c'
ac_cv_path_mkdir=/usr/bin/mkdir
ac_cv_prog_AWK=gawk
ac_cv_prog_CPP='gcc -E'
ac_cv_prog_MAKEINFO=makeinfo
ac_cv_prog_ac_ct_AR=ar
ac_cv_prog_ac_ct_CC=gcc
ac_cv_prog_ac_ct_RANLIB=ranlib
ac_cv_prog_ac_ct_STRIP=strip
ac_cv_prog_cc_c11=
ac_cv_prog_cc_g=yes
ac_cv_prog_cc_stdc=
ac_cv_prog_make_make_set=yes
ac_cv_safe_to_define___extensions__=yes
ac_cv_should_define__xopen_source=no
ac_cv_sizeof_int=4
ac_cv_sizeof_long=8
ac_cv_sizeof_long_long=8
ac_cv_sizeof_off_t=8
ac_cv_sizeof_short=2
ac_cv_sizeof_time_t=8
ac_cv_sizeof_void_p=8
ac_cv_sys_file_offset_bits=no
ac_cv_sys_largefile_CC=no
ac_cv_tls=__thread
ac_cv_type_intptr_t=yes
ac_cv_type_ssize_t=yes
acl_cv_hardcode_direct=no
acl_cv_hardcode_libdir_flag_spec='${wl}-rpath ${wl}$libdir'
acl_cv_hardcode_libdir_separator=
acl_cv_hardcode_minus_L=no
acl_cv_libdirstems=lib,lib,lib64
acl_cv_libext=a
acl_cv_libname_spec='lib$name'
acl_cv_library_names_spec='$libname$shrext'
acl_cv_path_LD=/usr/bin/ld
acl_cv_prog_gnu_ld=yes
acl_cv_rpath=done
acl_cv_shlibext=so
acl_cv_wl=-Wl,
ax_cv_PTHREAD_CLANG=no
ax_cv_PTHREAD_JOINABLE_ATTR=PTHREAD_CREATE_JOINABLE
ax_cv_PTHREAD_PRIO_INHERIT=yes
ax_cv_PTHREAD_SPECIAL_FLAGS=no
e2_cv_bsd_qsort_r=no
e2_cv_gnu_qsort_r=yes
e2fsprogs_cv_struct_st_flags=no
gl_cv_elf=yes
gl_cv_host_cpu_c_abi_32bit=no
gt_cv_func_CFLocaleCopyPreferredLanguages=no
gt_cv_func_CFPreferencesCopyAppValue=no
pkg_cv_systemd_CFLAGS=
pkg_cv_systemd_LIBS=
pkg_cv_udev_CFLAGS=
pkg_cv_udev_LIBS=

## ----------------- ##
## Output variables. ##
## ----------------- ##

ALL_CMT=''
AR='ar'
ARCHIVE_CFLAGS=''
ARCHIVE_LIBS=''
AWK='gawk'
BINARY_TYPE='bin'
BLKID_CMT=''
BSDLIB_CMT='#'
BUILD_CC='gcc'
BUILD_CFLAGS='-g -O2  -I. -I$(top_builddir)/lib -I$(top_srcdir)/lib -DHAVE_CONFIG_H'
BUILD_LDFLAGS=''
CC='gcc'
CFLAGS='-g -O2'
CFLAGS_SHLIB='-g -O2'
CFLAGS_STLIB='-g -O2'
CHMOD='/usr/bin/chmod'
CLOCK_GETTIME_LIB='-lrt'
CP='/usr/bin/cp'
CPP='gcc -E'
CPPFLAGS=''
CXX=''
CXXFLAGS=''
CYGWIN_CMT='#'
DD='dd'
DEBUGFS_CMT=''
DEFRAG_CMT='#'
DEFS='-DHAVE_CONFIG_H'
DEPLIBBLKID='$(LIB)/libblkid.a'
DEPLIBUUID='$(LIB)/libuuid.a'
DEPPROFILED_LIBBLKID='$(LIB)/libblkid.a'
DEPPROFILED_LIBUUID='$(LIB)/libuuid.a'
DEPSTATIC_LIBBLKID='$(LIB)/libblkid.a'
DEPSTATIC_LIBUUID='$(LIB)/libuuid.a'
DEV_FEATURES_CMT=''
DLOPEN_LIB='-ldl'
DO_TEST_SUITE='check'
E2FSPROGS_DATE='8-Jul-2025'
E2FSPROGS_DAY='08'
E2FSPROGS_MONTH='July'
E2FSPROGS_PKGREL=''
E2FSPROGS_PKGVER='1.47.3'
E2FSPROGS_VERSION='1.47.3'
E2FSPROGS_YEAR='2025'
E2INITRD_MAN=''
E2INITRD_PROG=''
E2SCRUB_CMT=''
E='@echo'
ECHO_C=''
ECHO_N='-n'
ECHO_T=''
EGREP='/usr/bin/grep -E'
ELF_CMT='#'
ES='echo'
EXEEXT=''
FSCK_MAN=''
FSCK_PROG=''
FUSE_CMT='#'
FUSE_LIB=''
FUZZING_CMT='#'
GETTEXT_MACRO_VERSION='0.20'
GETTEXT_PACKAGE='e2fsprogs'
GMSGFMT=':'
GMSGFMT_015=':'
GREP='/usr/bin/grep'
IMAGER_CMT='#'
INCLUDES='-I. -I$(top_builddir)/lib -I$(top_srcdir)/lib'
INSTALL_DATA='${INSTALL} -m 644'
INSTALL_PROGRAM='${INSTALL}'
INSTALL_SCRIPT='${INSTALL}'
INTLLIBS=''
INTL_MACOSX_LIBS=''
LDCONFIG='/usr/sbin/ldconfig'
LDFLAGS=''
LDFLAGS_SHLIB=''
LDFLAGS_STATIC=' -static'
LDFLAG_DYNAMIC=''
LIBBLKID='$(LIB)/libblkid.a'
LIBICONV='-liconv'
LIBINTL=''
LIBOBJS=''
LIBS=''
LIBUUID='$(LIB)/libuuid.a'
LIB_EXT='.a'
LINK_BUILD_FLAGS=''
LINK_INSTALL_FLAGS='-f'
LINUX_CMT=''
LN='/usr/bin/ln'
LN_S='ln -s'
LTLIBICONV='-liconv'
LTLIBINTL=''
LTLIBOBJS=''
MAGIC_LIB='-ldl'
MAINTAINER_CMT='#'
MAKEINFO='makeinfo'
MKDIR_P='/usr/bin/mkdir -p'
MSGFMT=':'
MSGMERGE=':'
MSGMERGE_FOR_MSGFMT_OPTION='--no-location --quiet'
MV='/usr/bin/mv'
OBJEXT='o'
OS_IO_FILE='unix_io'
PACKAGE='e2fsprogs'
PACKAGE_BUGREPORT=''
PACKAGE_NAME=''
PACKAGE_STRING=''
PACKAGE_TARNAME=''
PACKAGE_URL=''
PACKAGE_VERSION=''
PATH_SEPARATOR=':'
PERL='/usr/bin/perl'
PKG_CONFIG='/usr/bin/pkg-config'
PKG_CONFIG_LIBDIR=''
PKG_CONFIG_PATH=''
POSUB=''
PRIVATE_LIBS_CMT=''
PROFILED_LIBBLKID='$(LIB)/libblkid.a'
PROFILED_LIBUUID='$(LIB)/libuuid.a'
PROFILED_LIB_EXT='.a'
PROFILE_CMT='#'
PTHREAD_CC='gcc'
PTHREAD_CFLAGS='-pthread'
PTHREAD_CXX=''
PTHREAD_LIBS='-lpthread'
Q='@'
RANLIB='ranlib'
RDYNAMIC='-rdynamic'
RESIZER_CMT='#'
RM='/usr/bin/rm'
SED='/usr/bin/sed'
SEM_INIT_LIB=''
SET_MAKE=''
SHELL='/bin/bash'
SIZEOF_INT='4'
SIZEOF_LONG='8'
SIZEOF_LONG_LONG='8'
SIZEOF_OFF_T='8'
SIZEOF_SHORT='2'
SIZEOF_TIME_T='8'
SOCKET_LIB=''
STATIC_LIBBLKID='$(LIB)/libblkid.a'
STATIC_LIBUUID='$(LIB)/libuuid.a'
STATIC_LIB_EXT='.a'
STRIP='strip'
SUBSET_CMT=''
SYMLINK_RELATIVE=''
TDB_CMT='#'
TDB_MAN_COMMENT='.\"'
TEST_IO_CMT=''
UNIX_CMT=''
UNI_DIFF_OPTS='-u'
USE_NLS='no'
UUIDD_CMT=''
UUID_CMT=''
VERSION='0.14.1'
XGETTEXT=':'
XGETTEXT_015=':'
XGETTEXT_EXTRA_OPTIONS=''
ac_ct_CC='gcc'
ac_ct_CXX=''
addrsan_cflags=''
addrsan_ldflags=''
ax_pthread_config=''
bindir='${exec_prefix}/bin'
build='x86_64-pc-linux-gnu'
build_alias=''
build_cpu='x86_64'
build_os='linux-gnu'
build_vendor='pc'
crond_dir='/etc/cron.d'
datadir='${datarootdir}'
datarootdir='${prefix}/share'
docdir='${datarootdir}/doc/${PACKAGE}'
dvidir='${docdir}'
exec_prefix='${prefix}'
fuse3_CFLAGS=''
fuse3_LIBS=''
fuzzer_cflags=''
fuzzer_ldflags=''
gcc_ar=''
gcc_ranlib=''
have_addrsan=''
have_crond='yes'
have_fuzzer=''
have_lto=''
have_systemd='yes'
have_threadsan=''
have_ubsan=''
have_udev='yes'
host='x86_64-pc-linux-gnu'
host_alias=''
host_cpu='x86_64'
host_os='linux-gnu'
host_vendor='pc'
htmldir='${docdir}'
ifGNUmake=''
ifNotGNUmake='#'
includedir='${prefix}/include'
infodir='${datarootdir}/info'
libdir='${exec_prefix}/lib'
libexecdir='${exec_prefix}/libexec'
localedir='${datarootdir}/locale'
localstatedir='${prefix}/var'
lto_cflags=''
lto_ldflags=''
mandir='${datarootdir}/man'
mkdir_p='/usr/bin/mkdir -p'
oldincludedir='/usr/include'
pdfdir='${docdir}'
pkg_udev_rules_dir='/usr/lib/udev/rules.d'
prefix='/usr'
program_transform_name='s,x,x,'
psdir='${docdir}'
root_bindir='${root_prefix}/bin'
root_libdir='${root_prefix}/lib'
root_prefix=''
root_sbindir='${root_prefix}/sbin'
root_sysconfdir='${root_prefix}/etc'
runstatedir='${localstatedir}/run'
sbindir='${exec_prefix}/sbin'
sharedstatedir='${prefix}/com'
sysconfdir='${prefix}/etc'
systemd_CFLAGS=''
systemd_LIBS=''
systemd_system_unit_dir='/usr/lib/systemd/system'
target_alias=''
threadsan_cflags=''
threadsan_ldflags=''
ubsan_cflags=''
ubsan_ldflags=''
udev_CFLAGS=''
udev_LIBS=''

## ------------------- ##
## File substitutions. ##
## ------------------- ##

ASM_TYPES_HEADER='./asm_types.h'
MAKEFILE_BSDLIB='/dev/null'
MAKEFILE_ELF='/dev/null'
MAKEFILE_LIBRARY='/home/runner/work/govm/govm/boxlite-src/boxlite/deps/e2fsprogs-sys/vendor/e2fsprogs/lib/Makefile.library'
MAKEFILE_PROFILE='/dev/null'
MCONFIG='./MCONFIG'
PUBLIC_CONFIG_HEADER='./public_config.h'

## ----------- ##
## confdefs.h. ##
## ----------- ##

/* confdefs.h */
#define PACKAGE_NAME ""
#define PACKAGE_TARNAME ""
#define PACKAGE_VERSION ""
#define PACKAGE_STRING ""
#define PACKAGE_BUGREPORT ""
#define PACKAGE_URL ""
#define HAVE_STDIO_H 1
#define HAVE_STDLIB_H 1
#define HAVE_STRING_H 1
#define HAVE_INTTYPES_H 1
#define HAVE_STDINT_H 1
#define HAVE_STRINGS_H 1
#define HAVE_SYS_STAT_H 1
#define HAVE_SYS_TYPES_H 1
#define HAVE_UNISTD_H 1
#define HAVE_WCHAR_H 1
#define STDC_HEADERS 1
#define _ALL_SOURCE 1
#define _DARWIN_C_SOURCE 1
#define _GNU_SOURCE 1
#define _HPUX_ALT_XOPEN_SOCKET_API 1
#define _NETBSD_SOURCE 1
#define _OPENBSD_SOURCE 1
#define _POSIX_PTHREAD_SEMANTICS 1
#define __STDC_WANT_IEC_60559_ATTRIBS_EXT__ 1
#define __STDC_WANT_IEC_60559_BFP_EXT__ 1
#define __STDC_WANT_IEC_60559_DFP_EXT__ 1
#define __STDC_WANT_IEC_60559_FUNCS_EXT__ 1
#define __STDC_WANT_IEC_60559_TYPES_EXT__ 1
#define __STDC_WANT_LIB_EXT2__ 1
#define __STDC_WANT_MATH_SPEC_FUNCS__ 1
#define _TANDEM_SOURCE 1
#define __EXTENSIONS__ 1
#define CONFIG_TESTIO_DEBUG 1
#define CONFIG_BUILD_FINDFS 1
#define TLS __thread
#define HAVE_PTHREAD_PRIO_INHERIT 1
#define HAVE_PTHREAD 1
#define USE_UUIDD 1
#define CONFIG_MMP 1
#define ENABLE_BMAP_STATS 1
#define PACKAGE "e2fsprogs"
#define VERSION "0.14.1"
#define HAVE_DIRENT_H 1
#define HAVE_ERRNO_H 1
#define HAVE_EXECINFO_H 1
#define HAVE_GETOPT_H 1
#define HAVE_MALLOC_H 1
#define HAVE_MNTENT_H 1
#define HAVE_PATHS_H 1
#define HAVE_PTHREAD_H 1
#define HAVE_SEMAPHORE_H 1
#define HAVE_SETJMP_H 1
#define HAVE_SIGNAL_H 1
#define HAVE_STDARG_H 1
#define HAVE_STDINT_H 1
#define HAVE_STDLIB_H 1
#define HAVE_TERMIOS_H 1
#define HAVE_TERMIO_H 1
#define HAVE_UNISTD_H 1
#define HAVE_UTIME_H 1
#define HAVE_LINUX_FALLOC_H 1
#define HAVE_LINUX_FD_H 1
#define HAVE_LINUX_FSMAP_H 1
#define HAVE_LINUX_FSVERITY_H 1
#define HAVE_LINUX_MAJOR_H 1
#define HAVE_LINUX_LOOP_H 1
#define HAVE_LINUX_TYPES_H 1
#define HAVE_NETINET_IN_H 1
#define HAVE_SYS_FILE_H 1
#define HAVE_SYS_IOCTL_H 1
#define HAVE_SYS_MMAN_H 1
#define HAVE_SYS_MOUNT_H 1
#define HAVE_SYS_PRCTL_H 1
#define HAVE_SYS_RANDOM_H 1
#define HAVE_SYS_RESOURCE_H 1
#define HAVE_SYS_SELECT_H 1
#define HAVE_SYS_SOCKET_H 1
#define HAVE_SYS_STAT_H 1
#define HAVE_SYS_SYSCALL_H 1
#define HAVE_SYS_SYSMACROS_H 1
#define HAVE_SYS_TIME_H 1
#define HAVE_SYS_TYPES_H 1
#define HAVE_SYS_UN_H 1
#define HAVE_SYS_WAIT_H 1
#define HAVE_SYS_XATTR_H 1
#define HAVE_NET_IF_H 1
#define HAVE_VPRINTF 1
#define HAVE_RECLEN_DIRENT 1
#define HAVE_STRUCT_STAT_ST_ATIM 1
#define HAVE_TYPE_SSIZE_T 1
#define HAVE_LSEEK64_PROTOTYPE 1
#define HAVE_FSMAP_SIZEOF 1
#define SIZEOF_SHORT 2
#define SIZEOF_INT 4
#define SIZEOF_LONG 8
#define SIZEOF_LONG_LONG 8
#define SIZEOF_OFF_T 8
#define SIZEOF_TIME_T 8
#define SIZEOF_VOID_P 8
#define HAVE_INTTYPES_H 1
#define HAVE_INTPTR_T 1
#define HAVE_BACKTRACE 1
#define HAVE_DLOPEN 1
#define HAVE_FALLOCATE 1
#define HAVE_FALLOCATE64 1
#define HAVE_FCHOWN 1
#define HAVE_FCNTL 1
#define HAVE_FDATASYNC 1
#define HAVE_FSTAT64 1
#define HAVE_FSYNC 1
#define HAVE_FTRUNCATE64 1
#define HAVE_FUTIMES 1
#define HAVE_GETCWD 1
#define HAVE_GETDTABLESIZE 1
#define HAVE_GETENTROPY 1
#define HAVE_GETHOSTNAME 1
#define HAVE_GETPWUID_R 1
#define HAVE_GETRANDOM 1
#define HAVE_GETRLIMIT 1
#define HAVE_GETRUSAGE 1
#define HAVE_JRAND48 1
#define HAVE_LLISTXATTR 1
#define HAVE_LSEEK64 1
#define HAVE_MALLINFO 1
#define HAVE_MALLINFO2 1
#define HAVE_MBSTOWCS 1
#define HAVE_MEMALIGN 1
#define HAVE_MEMPCPY 1
#define HAVE_MMAP 1
#define HAVE_MSYNC 1
#define HAVE_NANOSLEEP 1
#define HAVE_OPEN64 1
#define HAVE_PATHCONF 1
#define HAVE_POSIX_FADVISE 1
#define HAVE_POSIX_FADVISE64 1
#define HAVE_POSIX_MEMALIGN 1
#define HAVE_PRCTL 1
#define HAVE_PREAD 1
#define HAVE_PWRITE 1
#define HAVE_PREAD64 1
#define HAVE_PWRITE64 1
#define HAVE_QSORT_R 1
#define HAVE_SECURE_GETENV 1
#define HAVE_SETMNTENT 1
#define HAVE_SETRESGID 1
#define HAVE_SETRESUID 1
#define HAVE_SNPRINTF 1
#define HAVE_SRANDOM 1
#define HAVE_STPCPY 1
#define HAVE_STRCASECMP 1
#define HAVE_STRDUP 1
#define HAVE_STRNLEN 1
#define HAVE_STRPTIME 1
#define HAVE_STRTOULL 1
#define HAVE_SYNC_FILE_RANGE 1
#define HAVE_SYSCONF 1
#define HAVE_USLEEP 1
#define HAVE_UTIME 1
#define HAVE_UTIMES 1
#define HAVE_VALLOC 1
#define HAVE_PTHREAD_H 1
#define HAVE_GNU_QSORT_R 1
#define HAVE_EXT2_IOCTLS 1
#define HAVE_MOUNT_NOSUID 1
#define HAVE_MOUNT_NODEV 1

configure: exit 0

## ---------------------- ##
## Running config.status. ##
## ---------------------- ##

This file was extended by config.status, which was
generated by GNU Autoconf 2.71.  Invocation command line was

  CONFIG_FILES    = ./lib/ext2fs/ext2_types.h
  CONFIG_HEADERS  = 
  CONFIG_LINKS    = 
  CONFIG_COMMANDS = 
  $ ./config.status 

on runnervm46oaq

config.status:1172: creating ./lib/ext2fs/ext2_types.h
config.status:1172: creating lib/config.h
config.status:1343: lib/config.h is unchanged
config.status:1357: executing po-directories commands

## ---------------------- ##
## Running config.status. ##
## ---------------------- ##

This file was extended by config.status, which was
generated by GNU Autoconf 2.71.  Invocation command line was

  CONFIG_FILES    = ./lib/blkid/blkid_types.h
  CONFIG_HEADERS  = 
  CONFIG_LINKS    = 
  CONFIG_COMMANDS = 
  $ ./config.status 

on runnervm46oaq

config.status:1172: creating ./lib/blkid/blkid_types.h
config.status:1172: creating lib/config.h
config.status:1343: lib/config.h is unchanged
config.status:1357: executing po-directories commands

## ---------------------- ##
## Running config.status. ##
## ---------------------- ##

This file was extended by config.status, which was
generated by GNU Autoconf 2.71.  Invocation command line was

  CONFIG_FILES    = ./lib/uuid/uuid_types.h
  CONFIG_HEADERS  = 
  CONFIG_LINKS    = 
  CONFIG_COMMANDS = 
  $ ./config.status 

on runnervm46oaq

config.status:1172: creating ./lib/uuid/uuid_types.h
config.status:1172: creating lib/config.h
config.status:1343: lib/config.h is unchanged
config.status:1357: executing po-directories commands
